"","x"
"2owT9j-7HXR-wtPmrIzDxA",0.639206094393965
"lhsyRdDtRNjOJ41ferYagQ",0.637393946494024
"n5eQnMnVVt3FfrFENYoU0g",0.618579023418141
"GXqBm5N0yZ3-rCd6hgUM7w",0.518330163880642
"4W2Ucl0d0_EK1HNYPIo88w",0.507536100522542
"6AzXPSXxztBnGwkToG3jKg",0.479827270448345
"UCzaZ2z6E-Xy8Vn-MLpIrw",0.437201143424374
"uCQBZQcLbAxb1FKt7DHqgw",0.431318808402159
"1olAT5l8ZiKLVavyWkeElw",0.423554962901135
"jTGQUWGIVvL-aY03C5BEmw",0.415384121129114
"ioXu3MhPt_v8f5wTWJX4ag",0.413272380150134
"CKf3mf7fl5sZO9xviHU7lQ",0.412496295887659
"ASN-bDe1cVl3Y8-lnqA7Og",0.407395679444113
"GK2l8kqPJu9Byk-c1D0-aA",0.402774825423139
"h3c8XBQTer_3_OirrvUflg",0.394761534920798
"eUfSEAOFhvH-3N4MEgHHCA",0.393368294107809
"HuewLVDas2H0q0TqcnmprQ",0.39193758431494
"va8gX25HcEcnHnLgy1j_tA",0.382832052277051
"24Qlwel3zvrkNX9zMvBJDg",0.363897787460044
"-LHHCgIUZy49sUU4j03T2w",0.361954679174852
"_YCwkkdiW5KliTK8g8Tlew",0.361778285089994
"c7pNpJMmvRXBpC_8kj76nA",0.35622276532632
"mI2poz7WNXEZtJpY8NAUGQ",0.350922357903607
"gWZt5lnRQPbTwXRi9Ik6Tw",0.349832096212722
"ePP0Eqz8JKSbtdt2phiB4A",0.330095238016604
"OAi1g2Go1MBjaR9m1fEHHA",0.324765544049442
"_LYz2vdGyXsV-8b-_T47ag",0.321921543191558
"4eWKhiixHQcEvQpwIPvT0g",0.318918213447398
"oYNLeOhMA0fbgtPn-QAdjw",0.31308156602094
"MQnNtW1lHS-eid3QNUoUIw",0.308615082115907
"mpDxBBGywUE6GRRKja3sBA",0.307119601560623
"WzWTE_TNv4XDkN7m_KDWxA",0.304894976395935
"EOu5kwsz9XPyq5r-eWrOFQ",0.301969971320593
"LxUL7mZjMbVX9ZBSyyKWmw",0.295708093671826
"MC8Fv4Hd4reUsTKJYoZPfg",0.291141191667237
"-WZ3MCw4wOOnEJyHXw0kAg",0.290500981233045
"NTfUFk8GyOLL1uPbEO-pVg",0.287439835342679
"T-hoctrFbfDULmRty_2UIg",0.286626658787124
"2y-zifC8_V5XUTsyCSWvdQ",0.28446067464766
"0K8roYiVL3c5koa5pDEBUw",0.280329031950047
"VsaFeXDhG75yTWUGTDzNAA",0.278171808717479
"WuCcv_Dyd_1B_1-4jwK7sQ",0.267730116921657
"zHzW66E12sDnMjETbehD6w",0.266483697711467
"wf1wLAnFhxWRWQ7mzaYexA",0.265341974988811
"MGDuAYuyDJd-J-sv0wNoSQ",0.26246760333746
"CyTmpAMiqoWe2RoT889B2w",0.260293711654541
"7BUdfIyfn3H0a55eFSt9bw",0.254841147801495
"ym9QwkmB5ZKTyj7q5huTDw",0.254324841773256
"MDvjaN-ygRjaakP3ier8Ww",0.252911713370091
"oQnEBD0vu7XjJpofArA5aw",0.252308653707568
"y2FMWeHfbxQADvcdV2ja2w",0.252301089951515
"G90_hrydwP7mZEbehciP7g",0.249742101834734
"nDMqBGHBmdjHapvtjBtkwg",0.248907961514144
"JAgOcvH_sGUAX7NvD0-Uww",0.24788570223439
"AYeeWujHF-va8vJME8Qxgg",0.247695858378386
"cBhjC_fmx3mlGj8AtPS5WA",0.244913609565508
"cbBNL7Q0CIrIRkFkziMzFg",0.240474660218335
"c_ZoCRssEFl7cKul3Wzm4Q",0.239038401763375
"yT3OITYWbjqKM15mGNXmyw",0.2372753416389
"r9I-6Je0ZtPuPtX7M4CRVw",0.237031378971117
"FEkViB1aCpAkfa4GMWI4ug",0.236163536989366
"vwEmnhJjcD8Zgp8K_8pJRA",0.23543050554679
"PCsgSmRJSV7iqZ4Al2mEkw",0.234440811330623
"QUmE1tQJOBb2D5Smu5_A-g",0.234219963865793
"QUmoDqc2016XlV9cuM-apQ",0.234109350445832
"U9zkQuiqehClzoJ74siF8w",0.225687272447687
"--pOlFxITWnhzc7SHSIP0A",0.225434117406139
"UftBjKdS_q7x9z8l8ULJZQ",0.222003465362724
"eaqJQP6bp7rQJQt5KqfvxQ",0.219998019030313
"bZrg7gl1duX2tfXY4kY7dw",0.219924134141725
"rIKH9_A6hxDxXww-kOhnZw",0.215734983313379
"MflKZcZmslSaNBODkhtIhQ",0.214237129808765
"wCBpyIrn3RfJfS0CZjOQrw",0.212588105824857
"ZqbLzCYPdDNL97lwoiQmWQ",0.212226045684643
"Zt5l6Ka68O1Hukw4Eoa4Tw",0.21066206821194
"3EDCh1Wssaak6D7OXx1bqA",0.210160412829925
"TnUgQXUHtx8LwJSfkeylGg",0.209607548255983
"9Hc15fmqICd2ecpsSM2pIg",0.209368599583701
"_mrGYF6uScU24LcwshEqCA",0.20833466316539
"qWzxhlUq472AlcFTGNlhZQ",0.208101910014942
"ZtTFN5WeYVYqey1-mxIxmA",0.206222536459218
"QzCHw22PCN53f9Y53MDgZQ",0.203578739529409
"LxCf3sDhSiOWH_xJTQfFkg",0.202154380646303
"4CPrhBc4Ado90fj7PG6jrA",0.201605996008874
"MMNBgMQCdwyVoNaHg0h_QA",0.20075380930585
"Rlbb5bQ1W520xjkLaD9OFQ",0.199789755973256
"BK-6_OIZMB4BechQ-ae7wA",0.197156835935274
"L9AlMDqwlKpVDFTcSIw4hA",0.195900922115194
"Cbm9WtXkOLcQ6u35O3zFOA",0.195164366015179
"AcYJ6qYKY_46qE5zabJP0w",0.194120573137269
"k9JpdrfeJmmgV5Op44stvQ",0.193731055351176
"Iw_qZEDbHv9Jr4eC_2lfKA",0.19107530957571
"y0plWo8YVTM31ohd6MkRmw",0.190187483557624
"bQiAU9rKpdixtFuX0OoRmA",0.189175752228217
"O5rT7T6nW-5mUHKeoi68qg",0.18788079228554
"P9pZLGjYc1j7VPO-KIBpMw",0.186139899115241
"BdC1PNadRbZPlipU074A7A",0.181666615727199
"lpomaa_on7jhU-lG4GxpMg",0.181330096346632
"11XUTAA8QO11cuyzEPVOkg",0.180454231876433
"Mtp4pMgIP9nXqq1UCJjgAQ",0.179544109128441
"73hnj3oDhaEt46uMLhw-BQ",0.178367556405011
"23xfK-M76sWaAGgIwy5wPA",0.178196403931895
"aL9GXjdgNyJuCN0RzTFDtg",0.173695046498973
"0f9yhyfnyWB9hF85PNmcLQ",0.169571941823416
"5gd53htrojGhdbV1jfrU_Q",0.168825122207169
"hY0E4jeIyDgLVf7_OelKBA",0.168592898110429
"z0lvl46xW3jtj8S7E01kBw",0.168255257590915
"slBLrfkdIJ_3NKN-ZaW4aQ",0.167706058670867
"SOYk9W4BOEUT7tKwT7p1UA",0.167598397472187
"TpNz3nBaw4tEz_tnnxH-4A",0.166795582555601
"s-cFWOk9LXXZCrm4lKpjEg",0.165842348523903
"9IlsUWl2XdwCzYPgyLDkIA",0.165346549365624
"lZ4yGHhZrefttO3ZM88oBw",0.162809087084737
"BpmIkVMjv9sWi4rgx0SVIw",0.161706920136863
"PGEcewIyTpHY4AgJGcW94Q",0.160393044571004
"q1L6bDk1jfh18Q4USMlnGw",0.159696065932984
"zIsBAFwo2ksynT2BdlhNhQ",0.158191360185903
"aTMDGTQpHVzUY2VxBy4i8A",0.156575325075208
"TQU6uoswhbcI2Mj3EV505w",0.153398182210661
"iF_Ox8TPLwjqy0WzyWFnmw",0.152933267832139
"0KNRmt72IWxI1JLpfpLwSA",0.152106888891246
"3C-tuH9X6x5PqGDRYn83uQ",0.150572661354788
"IAjnFU8VeWN9yo5m3NWWYA",0.150416264373491
"B7txe-1iQs1A2rmFMJ8uug",0.150194805292242
"awgH-AOkuEX22F9ObdVHIA",0.146911646372303
"GYb6yFYJjDBNYcHM7vX5vg",0.145862847907077
"hIQRiE3UsYH7UsrsDwJwLA",0.14561617171237
"41uh9gpSwCfiJuK3EaHisQ",0.145108822125437
"6KWa45IN5hFWv617efvBBA",0.144999773102295
"RBLNreE9s8sjT1bOVsDsPA",0.144587466906513
"5xk2-s_QsnHZxycl5yQ4Gg",0.1444763956471
"mHgi91lUUK5D-UNcv8HE6A",0.142978700491053
"BW52sBPn1Hbeh3LPsGLFtA",0.142806644558696
"Oa2dOUzRic8Hvgdh3EAFuw",0.142188391383505
"py-GHWztjFhria6RZs9Q2w",0.14101371093711
"a0r8LLyls4O0rwrsdD_W6A",0.140171717721505
"Z6DfLcBqRwFv86u-ddVYDQ",0.139995602460213
"4MuAYyzgK2AhwMlBOjzTNA",0.138863454145976
"dLcGMPuojXYjfbkgrEgO7g",0.138414405833386
"jP8vJjSR99vd8-ket5_NzQ",0.138304580742221
"xJX0u3s9AJOUBDpXkt1zMQ",0.137367121101627
"foUl4SFiClz_5yP3dy4yrw",0.137298296483032
"t-L8pjvnmd-fzeeHQXMcRg",0.137145881883545
"z24h6ZYnZiWjlDTuLXG9jw",0.137099709974667
"d9rgDxYwfghhWI6Qc6n5Ig",0.136597518511303
"rT-iPtIXMKj3dTcl87lbOw",0.135860076750933
"QJV9AxLMwCV5qYCOpItDqw",0.134745428219676
"stKD-HqTxDMylPonFyVdWA",0.134653223253295
"ZKkI1U5TkAEkvaEjzgBVdw",0.134117343418646
"wGABZiLIWvEPIFQUO9cTvw",0.133047879635122
"6ZtftjQ18WUN3-IW_yA3tQ",0.132911389096814
"6Le3aK5pUrGZaRVMGS0H7w",0.132569907072308
"ye9yRRLNn43VqMo4Rhstkg",0.132500716241603
"zBMJYg34dTe5nZm6QVPYeg",0.129975396684196
"9xoEUUPmh3JnSl9B9IglPA",0.129294095069186
"DReLu6HuFOm4p-jYZpgQkw",0.129212169884801
"ta0sLqkG-cNbXZpA358YeQ",0.127733700565919
"3eCcG2anbC12_1wPxFO8xw",0.127289438807127
"uDoTFFud2mXE3VT1Jt9L5A",0.126694684036868
"5isIr6INaMBDnB69aoBJcQ",0.126539655389291
"yzUjuBvj9hDWLN0ZIUYobQ",0.126463406570041
"1Um4m8FKQHyDFXEbHxmZuA",0.126380441415142
"y10TI41b1fNeyjCmxmORwg",0.126112291453816
"nuCgH96Tfe6CFXznvmKdhA",0.12610842057855
"TvLh1fGA_eN7z3-UIPFDXw",0.126045581392308
"3WZirVpghhNWTa4N2HU-xQ",0.125948274042011
"kAid56AY_laxGYslMdsYJw",0.125757527245972
"Ir2mw-tp-80rlwAMxxO_VA",0.124689082658816
"4bAKfxF3cXWPCCzqjJTA7A",0.124633563564379
"UzMMpUFwJhwUkHOyeXeWsQ",0.123172483439097
"Ji5c-g0GkxRHmBUDAaWzoQ",0.121525742114646
"DMFYOSGcCliMFb_FAwQnDA",0.121375345976463
"d_1PFWXfyimKrwvMwG3pJg",0.120683376214555
"-6ozQS5Mc6xDyGFNLNh7ZA",0.120127920480244
"vWU4I-1g-Cf9w-aWeNCuRw",0.119678585773656
"4z60nK3meSf0w0gYhH2CuA",0.117933505488702
"i-tKO0n-1Tq6sTFUrhg9-Q",0.117828917706938
"pUy7SeNQwyZjDtnfL4hFeA",0.11698121708213
"Y_OeiGhTm6ZEfZ1UQgM_wA",0.11679826124681
"hP6fpujKsFWD5N__KZA4Iw",0.115729335668233
"CkZGGAx9Atvcmchkh7DLrg",0.114896372744368
"S1Q57E4J2cmQc9AQqrhbhg",0.114359511464096
"MoW8sRQFS5ShuujEcfATzQ",0.114320605058444
"RguKChB4sdPwYA_1_S6JMg",0.114283437319482
"4OHAM_ZVrD4xsQL7dJKy6Q",0.113838350962723
"FTDaFgBzkJBAChfT7OIuUA",0.113742048010838
"oQOo1rebP4bieLEEoVHbQg",0.113430187750842
"P2pcwETgQ_adKXyso-SJ5g",0.112400804560267
"peHhnbMH7ZwlSA5pCYDstA",0.111502718911435
"x98vOAFB3nBZEirsHwVY3g",0.111222298293622
"qt0Bh6qo2-zxMyFXExyt4g",0.111191570102731
"cibtubYc6gd8T6Y-nPPByw",0.110913834544031
"t66ThF12XJVpGpnnem-GqQ",0.109376568357156
"mQhB93IFv2QM4fRQFJmSvA",0.109048915977353
"jXgJIARO9T6R8mkWxqXUIg",0.108540809440492
"ZEFXwwoq545HXk32_OnLBw",0.108466296839505
"DO3XP1OOGqaGycUcSdtZ6w",0.108445702168461
"hBscDTusN57Ai0SnkQK8Sg",0.108036048136441
"ub0UsaBwSTyy-HuVWLUIsg",0.107332873061635
"qam5QKFE2a8MQBkxznrr3w",0.107139277637103
"pT5Ypm8isz6bn4esMIspPQ",0.107015893384354
"XX6owhRHtgO0957RSmRYgQ",0.106164946103445
"hJLAPn1w4bGniRR-kdyI-w",0.105600266489125
"EIysqQxj2eFxQc3RNZ6slA",0.104084209157828
"U8v3YCzXllGS2ZBrLOr_rw",0.102888806217025
"gV9IOJ2YFSfTvg_IRjyHAg",0.102843775534082
"UCzhVondIgHreI1ZbqWIsw",0.102767477361625
"kz_-Z9x1ffigBckrhrYpKw",0.102455828076644
"EOAhMhBXmhuscZXPmyAy4A",0.101625752710363
"i7ZlevDwvfzGcwe4n159vA",0.101434469160345
"0p-JqQ3DOXC90ad563C1FQ",0.101354513437674
"mFKth0ZgYFvj8srrW1Xv2g",0.100269089946324
"yy7m3Fvuq_RWsOOst4RDUg",0.0997229765683516
"zN1pDCfcvti11jinX7ahVw",0.0996687421836641
"kdwL1gR2U0izpYR_QDXeQg",0.0995657039564691
"u8LsKcXXnPMpQqrykr_apQ",0.0992917284118683
"avmPDHiZlkXqoX6Wk0qbBQ",0.0991948074766109
"Z0fLf1PQ1-KuF2Bb2vG-Aw",0.0991423499106985
"4xqEcCOJ4eEiedUZPE3_xw",0.0987317849356528
"oqL1hS934CyZc3msupQNRA",0.0978384012624797
"9IYAuWhSUjM0Cj3DgH6D-w",0.097219333189003
"q5kF1NoeT0OFFJi2L6IQow",0.0969196919243682
"f44BsrI_KRP7uAIOoj98uw",0.0960651568863186
"CFHGxlIXeVFWlCptBHgOeg",0.0959862154492057
"rd3PEVYGnW3BOzC4z5oLKQ",0.0959173492118607
"IKUVWL75eSoC71G2fBphmA",0.0958317517053027
"jT_jo5c1rBcg6mpytIEWSQ",0.0957460990080963
"I9uTrp3a4qKb822RiBF2Rw",0.0956531133536325
"UTt11gZCgDL6F9IVyQDejQ",0.0956135619492407
"Ms8ahuHgzlnuUjFD2znGpg",0.0944209542549149
"CxGK5_GoIhG9798zYPsvfA",0.0940351728723802
"Pu1eLP0H-ZCuBikO03KTNg",0.0931681199312686
"wBphITYkmX7OFQ-QLTX9lA",0.093086733890566
"5RehzFaXjuUPgLCUs6gEpQ",0.0928902848138088
"0AOXM-nZqXro6LAT4EKqpw",0.0926961649918249
"atyhHJJbB0c29wTrkIIIxA",0.0924738751927883
"a01hFcJmzxnfaxIUpAWIjw",0.0919190091756294
"3BLfy6cbqF_tZt69HjXD9w",0.0915214332719707
"ANM1_9wIgMzKIP3Hmnyulw",0.0914940260955372
"8Q_xQUTC1ZrBwWOlv7yCOg",0.0914071455642656
"8xNXoIg5ZxmpCjFDM8PIWw",0.0908125497539089
"2e_5zPhPa7NPCZtJha1yJg",0.090533927701247
"Wqzx76XjqUFN8Ow3zX0cZA",0.0904965678743839
"cRkvp9Pzcpd1ROEB9MRTbg",0.0901286942010223
"9fcSfDo_U0q0u2DuOo7FgQ",0.089900488977765
"3ornwb5L2Cy-DKeR6xbpdw",0.0894017324851121
"JbotgsWgGXqJexXd6zB3Vg",0.0893411085297958
"BqB7P_2SkevtNbWoIY5kCw",0.089153152533761
"XpNxXmqBKZE5ZHaI-ZgAmw",0.0888794029482775
"4xqn5hGqXKcU7_pY5lKYOQ",0.0881330894190752
"2uJNnNYUv23qcnpBg4Wy5A",0.0880188835117273
"L-eohqlSFT2eWxR8JLY0Og",0.0879674142923332
"c8G5lj5pAv9KEwz0piZjNQ",0.0877071304446237
"aqpKYPR1wbK2tIdNN04pmg",0.0873702916751633
"ExaVbfbM2en7MCCI1_qYnw",0.0873566811524048
"Uq9HDxWQLV3O0K6Rrlk64Q",0.0870860479123057
"-1JzlIdItrARuq2JW63rKA",0.0870062448007967
"dGU0ilZq3VhfIo9icKFpLw",0.0858048661726704
"0Vczk_zvQgsUGTrnBzfIZg",0.085418214975274
"iTjwgc3rHS5k3GptqIp2Uw",0.0850725165922761
"oYo5e7TUAYGRdx_0rjohww",0.0843549219680847
"J4rHIg3Ddd0oXPVrzPN-wA",0.0839915002657786
"v3ckvfQuLlwkdghtEUqizQ",0.0837699563567834
"hK6Jjs8TsEGNS8wonQFzNA",0.0827277604084575
"yumgsa9m02CACzq0dHZP7Q",0.0822070181598022
"MV-i4L90OgXO5fFIfT4hQA",0.0820659122473323
"oD3Q7FwwBgUg_rKUFUnmiQ",0.0811972512038623
"WGcY8_1NjbEdg57qgB8BEA",0.0810741569809287
"0L-d_BgUto2XJnuncUEpnQ",0.0810415658733077
"LLlUCgqdw6kbvV4Cvgq90w",0.0810372749258987
"wA1P0SK0LjRwPy8JBCR8mw",0.080762426561983
"JYcUBXur4J_gNdeSHd4njA",0.0802619366735269
"TLrX4FECQDFz-E45TI_9ow",0.0800322778507008
"cPBjZEouopniZq328UmOaA",0.0797640579904939
"kgqurNLSpCmHqpprJOk-Tw",0.0794697041066622
"v7TjQ1_RPEF26vy8rc41Lg",0.0790465461884866
"WkD7OrSIHLzgOQo9wQHu-A",0.0787029668623494
"Zj30w70HgNoxtAyUJuNe9w",0.0785880059035537
"HRr72Nty5HsLaAWPARLslQ",0.0784628947287111
"4zr5_OOjwTdOEE7d_181RA",0.0782929221636754
"W33EBdIVWmr01_vBk1JjVA",0.0782040616177124
"slndywABScVDVUZYBS56lQ",0.0780678379994853
"Em_hb1jgu0bJTU0Ly0awfg",0.07803185222377
"68-awbel3nSkmOfkGFxbIQ",0.077964305612936
"LT0AgHTpDifuHSXgyLmJwg",0.0779299629377339
"tqAqL9B0OsiWAeh6XVFewA",0.077861222826131
"nCv2hQH-j7zEMIU1fPqvlA",0.077331785732177
"-fQ_iOKl9wIYwQtkwc7JJQ",0.0771368417852733
"8dttiora4SPWDowtQY4giw",0.0770588938476073
"cpxwd_iFG3Oh1LUMJn0rOQ",0.0760624754506218
"pGJz6i4sg_upGgnT7sLzsA",0.0758573325700629
"EzwMgcoSFJsp_BlNfbCFqw",0.0754570950193984
"nhEkFy7LrIZuIXZJCxl8Zw",0.0754483201271137
"bb1B0Af68Fbv4TB0zfQf6w",0.0752124405301885
"8juhra3Et-cNjH3KH4jFsg",0.0750626428226317
"2qkXCZLumfhvHt2gKluIlA",0.0749185498982675
"43WsbaQ0-yr72YfqwQAC0g",0.0748498484340084
"2pjLeLgjPJYelEiuWFYB-g",0.0745062671149995
"XcECGsRXDT9kgbrdP6k1uQ",0.0742237050126711
"0NeXPGy3_N9T4IeHde7iGQ",0.0742005822715731
"atC08JSxcbm9HzU8eOLuZg",0.0741572107652544
"qZjAbsrSdu8TiHZXOFAGAg",0.0738110006678403
"H8rjGKW1ytYadJj0C2dkjg",0.0737813634314028
"yBpHUFwzmWtBlFEFQ0-3jA",0.0735210474179619
"azn6ATfBilcbLltriyMx2Q",0.0732692980028092
"skZlWeK3P63VtlXXAcQ9KA",0.0724768051239048
"RcougGyfkKn7_qcJ4TJm3g",0.0723423526333419
"ed6RnUHJJlyFnhJpuiHpKg",0.0722236345628995
"595LJOiLuwQZ_xk8llJpyA",0.072049717449238
"yX-EnpnvPFjz9J-eCT9-2g",0.0718969052640623
"47_9VH3BVhJpyFtOdiCUfQ",0.0716201795065303
"q7pDI7IcXc0_EBytJ-Lndg",0.0715521110401106
"33HGPPn76nwLDYdAp2zUkw",0.0711944581030616
"qwayH4zK9h9iC5HyUJt_PQ",0.0710401147942872
"85vOUeWo9-bG8qQF0U1K3g",0.0709362188418322
"5pEjak7h4e0lbZpMMyh2fg",0.0708131470288585
"e8kqqWU9247Nn5VAF5sDkQ",0.0708027063013505
"gX-yJJB72zfuzJC_27IwPg",0.0707220115851407
"WBfJ4HBd-uCM1_0PdDfsDA",0.0703272373247796
"aYt9gp9i73-RCJFy7FnhBg",0.0701586243812936
"JAlSA6XsscWZEL70JdgFYA",0.0700675423351961
"82pWLAlsrdpKu8tVS2yJKw",0.0695290501940257
"OopcnYw8obDsJc_do6vZOQ",0.0692917121013166
"YMQaDtEceBPFW_C992CXSw",0.0692651684761311
"GSlRsGx7w6mdBuJSizoL8g",0.0692553367770035
"auY20UqUcNCA3NovX8NnOQ",0.0691670921003743
"WJJFtykb2VAlKAkwsKhy7Q",0.0689809399345038
"dhAzUmAFI0KY3L--hXwMhQ",0.0684327401401428
"-mOOxacLlVpWOmIq9lvJHw",0.0681569754519895
"diWRbxTqoQwYIXkzipjcJQ",0.0678935754199175
"TMrGMeFnkPBTu36O_U24fw",0.0673655654374098
"USdRzNk14UdjZWFgBJb0wA",0.0673455930456783
"UXvKNmbtAYAKTNPDzQ627g",0.0668695055369758
"vFOgPc3Ib5wzejPhGqxM4Q",0.0667612024559999
"tMjTbuopXTGRlFefEkJriQ",0.0666994316738842
"EiDgsniLJ_g-BsoHCiG_uA",0.066531832678256
"7SJXX608qc0-Zgqsqh5aPg",0.0663166076315309
"SLQAYnOvnqsociD21KQOrw",0.0660706875778679
"pLm_fB5wxWG06pYRsybNvw",0.0659860920984215
"NswJRDwk7DyJFgjEWDAd9A",0.0655475744096064
"d0j_HjzUYFVuCHNuBPF6DA",0.0652415990913961
"VfBlocjjBZUAjwuIup-QZA",0.0651581768430725
"Z4VFRu_1W4VTQdHi3vBsgg",0.0649342564672776
"HK8rS73FGd_YA2oIRFKH3Q",0.0648979049238959
"YTPD42EQMCemPmFFR3i_wg",0.0648094283061296
"izDwjiWv9aJG0viohumDyg",0.0647040714031485
"sCnl_iuoOmxm5H9NFfclrg",0.0643126846396739
"vTANBsj-8U-I-He1GfdNyw",0.0636681827018022
"8cNA6AcjsdfJAtDv39FLNg",0.0636314785109387
"nt1XC82nR3VSNvTKGX--cg",0.06356038795061
"taWuzOyQWttjHJubBJttnw",0.0634783801260093
"uQ1A9spWBHXOQhSF7y3Nyw",0.063343994187588
"JkY4UiIaYORu0Dqsxrfzjg",0.0632231436183494
"nfNk9CUjpnKX_bwK_-bIeA",0.0632104276096441
"jEl3EMDpkGTaPz-eRA8mgw",0.0625748182589889
"376PDtBpGi74Os08TvCkhg",0.0624681156252681
"m_vaBvaZ8sKgLzDOO67nXg",0.0624157285082866
"8PsQqhrAH5uqJ7HODOmXYg",0.0622277490138108
"OaggbPxcgYMqOwLYn7GtBQ",0.0621934029621236
"85HH9yRM4G-9BCRtDf-94g",0.0621721612464495
"3xdV-7di_YD3MVqs3Pa7-g",0.0620936970102089
"5pa2LaT37MOBBmUr36J-eQ",0.0620447996392262
"w107r4s1U9zAWuYr7Dutww",0.0618721361426427
"7LnQx6Wzi-omWMYodmrEGQ",0.0618612949304358
"rdJAWaAlUbXJfSEdUPKsCQ",0.0618293924489587
"cCXnlr4CrhY8DyrblmG_Sg",0.06179393003293
"5QbhinIYn9IcoQwEzqKH6g",0.0612111850340784
"YFw2Q9un9yGM6ZJuPUgu1Q",0.0610420782372198
"D8oLo27PovnooXmoG7ttiw",0.0608830395475323
"NU3ATvxbS_w_9SRQHVzqDg",0.060865926837279
"33Yx4cpIPS32Bbvm2Aeo0g",0.0608286519535297
"N32s_4NdIsmdnA6oy_t_TQ",0.060813646996267
"IbjylFxjJe68Y9wPdEXjHw",0.0608002990566604
"fH6GxDUazIaEhz15TiFC9Q",0.0605013065401341
"m-6sg7ILvIl9JVUjdRyINw",0.0595586904629319
"69JkeoS2eX-km9aumK0d4w",0.0595260115339312
"jawWFUtSkemeqmqAxnAvhQ",0.0595084883341381
"vSUWVBPAWFtZT88ff4TEww",0.0594691105310649
"jVWA7we9AfBG_lmj-Q4b4w",0.0594150368067301
"-9BeUZZ1Jph1pD5qpax21g",0.0591551700060575
"TQJgBjbwr222OBcYpaxoxw",0.0590136614981649
"AlxZVcq_DOobj6RwTejrXg",0.0589572944225127
"Gfke1AcTzc2nlVi1rftrTw",0.0589229161812268
"64HmJyT8J5KGpT8tBhh3jQ",0.0588935358041593
"LnR1pj4nLEXNDSbY09Jnng",0.0586944131888652
"YbqNbrnOEk2T0qIBbTivuQ",0.0585400405282924
"J8_2GhG7Y6FjZUCnIhEjdw",0.0585301266946529
"LE5yuBdBkTDMTbXkVQbfaw",0.0581121320786398
"i0rx72IqWuGOyWadGjRLVg",0.0580049770789271
"iwlQSkEIepI9dWQqfhWw_g",0.0579656786975375
"C_zkvtWMqDucxR1U57lDCg",0.0577313226726331
"uy8jqFcLAA-dve66REHmRg",0.057713053671022
"0RIAwEggED60mK3mDSTr-Q",0.0575772257968078
"D8DXsQQzAuGFlI_F0ZYJfw",0.0575588564328012
"F6dSpfz4w-BoYARFnNcFkw",0.0566537357317848
"tZ1FVdbAna3lUL5LGcAa_Q",0.0561192132387465
"sENZbmzhGrktXtRfxptymQ",0.0559636601397135
"xLZilmaLXY0r-dBFaiLxww",0.0559167400601271
"nNHtbAidxEUNBGwTvFLb7Q",0.0558073474447568
"RBivKqrbQ3D2gTdRFA8wwg",0.0554397278602831
"G3EsKzy3i-CvrEDjZzTV0g",0.0554002763784799
"rg1-6A-8SKXGh_p-Abbyxg",0.0553415114331218
"ZqeIEOz_NvcInu7nFhA4BA",0.0549186264222146
"Icg2QO-uIaCP23ldXUHTRA",0.054574239372911
"jUeutekCBjAUw6tFiOVTeA",0.0545169115833276
"_4_Qn9WZVwofeaqjgQG2Zw",0.0543483272816036
"_Qmbgb_43PtHyA2cN8YZ2A",0.0543209045454559
"wJvAcVrk069r8emMbIvcjg",0.05412744892397
"EwuvZCcVHkICgTbqCEjikA",0.0537832696033114
"SVbmyfioykMujIr4GZ0ziA",0.0537408630940979
"_JBu9v82faHK8WiSp-DW1w",0.0537386295702099
"eyTE5hIelyYDjFuHFIRCIQ",0.0536985325036322
"3oL6dqvLAeIGR4ZkDrZwBQ",0.0536286588273172
"P-LioOMioG6wmP-zh0D2Ow",0.0535724930477432
"uq_cgrcgLzDN6NbVWXHHgw",0.0535328242414651
"AzW6M1E6KcrTDpQ0DkRt9A",0.0534944549256105
"_WLYW4vzknVRGiVJBUy8oQ",0.0533680147540868
"N3zrgORGPLCnSlMRZTFbCA",0.053297860316484
"jSmkZ87M4Ivv7aw_ytOuHw",0.0532575344159564
"Yg72nmS4epd8gyaXKn2o4A",0.0530449612010733
"G9qXYa0cQsj8Kwg2PXZ3TQ",0.0529182559678946
"kSHZ5q1pBy9VpH7VvVrG8A",0.0526609760273073
"sFjwAQgVH7bGxb7_Jaf_jw",0.0526241545362286
"q6onqTsGCJ-wHdxCxd-Cfw",0.0525599840097868
"3TkYBmVGHz-t4mc1U8Eo0g",0.0522844752614223
"TMhYpQaDcL8UNIKRB7Vebg",0.052220644089564
"bUxYCZqDzrSXKayJyM1zJg",0.0521586858078895
"Rif-8iyIzXVlO5Adi5gDZA",0.0521125758016591
"MCFxbw9hQYejyvg59T44TA",0.0517990748279853
"_0LwsuDU1lG2lwFBrCgzCA",0.0517409276343023
"FiSp-Nqfpz9dHuVLcAEK4A",0.0511103241412183
"BLTrjqOHhtg6yYk8ObeAxQ",0.0507440995757297
"rt_ILnt00CGWeleTr4CxlA",0.0507376975351543
"1e3C5v3vz40fOwfx3wVmGQ",0.0506561304226695
"BCr9sVNxGOSgpiCFQ5y4AA",0.0506392905024414
"SJzjyB_qD2CjQPVU7qSsbQ",0.0505048898646306
"WGi8SoROA3J1OeVwIurmHw",0.0503669618589217
"eNnviNV3PNvaLeP2r2NT6w",0.0501260565338744
"3-2yz7oIwZVMl5JNZSqLXw",0.0500906784264123
"gXkv-2CPQFs1iggbftTl_g",0.0498951465207622
"LOWomXdjeAzFAHLd1r37lw",0.0498116668033209
"t5l-H2KdY4MQgLDMENz9WQ",0.0497880215930245
"2dz6psLH_yvejmYaiq0_HA",0.0497613551262737
"qz_F5_jX6JKV-p0e2ug7Jg",0.0497524214504587
"OV91RX6EY38JP5U9ILeEpA",0.0495997952631813
"5p1gus3nYUDaffo9soDPgQ",0.0495782798394927
"uAv2nIoLVQYYdeXHo5X9FQ",0.0494772934779974
"R_D1Yg54sRfkGWxgFkel2Q",0.0494278507050461
"Heon0PS3J4RGmMa-VflCuA",0.0490404644217909
"ytA7CC_Tma_QFiDABLzY2Q",0.0489877700236349
"-Am2JVkb7nwvBAUwSugG0A",0.0489296090749337
"daj1XS3M-_56YVhVevncmA",0.048913525414388
"BVFLApvdF8STtUY-pgjvSA",0.0487677445361079
"lV-Kh0fLS3KgBrpzPhC2oQ",0.0486149905807483
"qFpN1aaQMySzo-Hq-YYlNw",0.0483885296833677
"88mPrywH1ox-7ILDB0e2hw",0.0483364332740905
"LRjC5SRIUm7WJGDKTDk0cA",0.0482630344275278
"MSePTzl6B8boCt2I3hgkMA",0.0481561710521587
"FUKkYUgsJ209GXPZ9tTPHw",0.0480328924762668
"M89wkxqAcXuVMtWh91BIjg",0.0478052009387119
"watqY4fLMJTqs5UgItegGg",0.0476849882692599
"nkNdTqpv1m5GBKx8xrpluw",0.0476787648890909
"XQCTg-QHsasTu6f19yaDmA",0.0476217633702199
"QsQZ_fl1S6ZX5-sprj-PxA",0.0475865754431141
"EZU__cpyxahCBzq6VAfZIQ",0.0472410859687759
"ybDCYlkelIAh5GXaliL7Qg",0.0472093393370772
"GpiGCaQowBfka69vLaKE5g",0.047084914394307
"JkoFMpA2BlMUhtNsWo90RQ",0.0469580999122709
"JdNv6vdpft5g5FJWPCCQuw",0.0469083144319498
"lk5FDr0ZG9ZCZATGikzdQg",0.0465321737421244
"qQFV4oWaOCSHNLEu07tjMw",0.0464287605373498
"wfkuFh39uIaXIDCpkUJV2A",0.0463347849881055
"JfdDA_B4J8WpRdpliWkdgw",0.0462401077445303
"biWA-nwoxyYcHMvARR-fQQ",0.045974805658141
"ziWLF07wbG5Z4lQDZCZ1nQ",0.0459616830393467
"tpra80c5szkOUgWuahgs3g",0.0458148363788629
"frgsKRMjvUyrQjx7M93KUg",0.045796140774336
"JbXu0F69cQig4wrK1BJmBg",0.0457459448461644
"repg_QyT0SdgEVZREbHmug",0.0455989247364864
"r-pBY6vR_Iu5XhPRvPnquw",0.0452453304170404
"QVesm87d7Ibbe7qKTSRpow",0.0452452920954865
"DWpHuxLVW6tVldtMkzplQQ",0.0450662188861324
"mP7Z5WT9xahJWTy46DHP2w",0.0449990542990108
"OdNwrZgfPp2Xkj8lEPMJeg",0.0449959983906583
"TRW-51US_YQbQ-ihmhHvRw",0.0447772921621314
"QlXxMRAznnbgzdT2yk5r2w",0.0447263920680279
"bffCUYaQ4FejTfu_xFwjyQ",0.0446052729111504
"1YCQvgXlkXg9fGKLd6UcVw",0.0442850415631123
"Wi5UEtrgZ7MTCCoJxmDEaA",0.0441013638386666
"l3xGrro6IPIrlXB9bAbijQ",0.0439106701549165
"ZDEbqGNLe4fADLiMYOHgBA",0.0436902717003697
"rffwxi_9qxrp20sHtEAopA",0.043522755447429
"YKVNzbuGpgszyG5OuFHU3Q",0.0433956107129593
"LlDZRa9rF1E3Fql0EPcJKw",0.0432381060636511
"FlZzOE9F5c3eexjDd7FqGg",0.0432281845206759
"cHvKHnaoeqRkSuiOcyEBQg",0.0431388960750074
"IcyboAdccBgNAVtJo4OMQQ",0.0430817455203284
"QNTxVarc6-c93ICqHEC_-g",0.0430269884182141
"7_CUNHSt93iZ396fh4kpuw",0.0429510887845917
"IEDORY_45gi-_X3M_k4lLQ",0.0428994206848204
"bp8T6-NZFKw3-Ga6ssU28w",0.0427654325555277
"XeYXXSN0cv8-YiqG3ozDZQ",0.0426688880827022
"nKJERtWMwBF-eL3skiRiBw",0.0425890671636594
"V6Pu0Ijqa5zvb_daMVSM6Q",0.0425661426590204
"PowgfhnMrRKscqecHZdLzQ",0.0425607864834319
"6xskJToqfybDbX3V9FzyyQ",0.0424188980656486
"6WhV68--644UdRH8Ee3cZA",0.0423679768313285
"C60h41YGl1W77QOAgOm4MQ",0.0423186924183899
"QDSPPfiwdCDkmpqu3Sshbw",0.0421970726680291
"_ULYg16ncUuhWUsACetojw",0.0418768627633944
"VlXMRqJ1WozBrXbvXmXHGQ",0.0415425445883187
"yF47bohD6GalW2R_JotZUg",0.0413816505387857
"9LHNY09Gx1OvdrBLcdjzaA",0.041234322313546
"t2xSPRbFenItqGNzgEMWcw",0.0410039007713625
"5pDcg4TpMSyP7Is50LBFoA",0.040912389200509
"2ieS2VTBVOahX9SFoVtSww",0.0408739250670326
"G47s29YRM9T8wrnW3HRGnA",0.0408082818021849
"YKd0p2HbL5eZwkeRW3RdiQ",0.0407364361060389
"p0IjTgzRuUXKFtdWNFFg6g",0.0407272645357067
"1WxYm0hlzXnvLAGUe6wwEw",0.0407090895014338
"_YXBQ5Z75ZVlSV1HUtXgBg",0.0406240168974854
"jZkOXZeACyJp-KU6aZrQ7g",0.0405088758030261
"p_HFt0I92MHDNPWvdtyEBA",0.0405001231819357
"hfH29cdrUrzemcq3uf6Ysw",0.0403072124619799
"dfxGnjDhsLCA7B9FQgvTdw",0.0402579577502625
"6SxAOEXHzNjWQMQ9Nnos3A",0.040197983113908
"TZgbUbApLjWWES9Y7ONtNQ",0.0401703841707768
"CDH2dyRcJUDPM1xj4AD0lQ",0.0401392854933462
"i3HfmM-evIOLpJ2wuTZVKA",0.0401361492718134
"-IpYERO_XHBIaVaWGdmPEg",0.0400539712340372
"-s-OW4Kr9YY3SBmRdpgFdQ",0.0399573590967468
"BSarxqA5A-FsiBxG4dDCdw",0.0398545338104043
"6OJ29sauqen8BoU38lPAyA",0.0398460109339077
"_Bh7HA8P570v2DIsltppZQ",0.0397976683073348
"GNKcvMI0RyVQyEA4jNQXjQ",0.0397703061657117
"Ak6ThDexfSFwoajgOpio8g",0.0396783176206881
"MeMMA6ZJxW0xAR6WRgn_Cw",0.0396104905640784
"rrHs5nIal2lpqMRV2Fk1sA",0.039416135676085
"n6iMTXH5rTBeQyDMJzmnkw",0.0393945008170169
"vHAUp-I5mquYLKLmQw5LaA",0.0393465673893727
"R92HU8A2T52wXb5VC6WNVA",0.0391779960380366
"LloIdJMbazf7EGKI_K0B8w",0.0391457412018799
"LglK3yMnn1_khmKUSL0FxQ",0.0390050344684919
"_UYJfg5GbahLiEDU1HuQhQ",0.0389409161970311
"_qvxFHGbnbrAPeWBVifJEQ",0.0389302513627114
"T1ucnWtkgIcoK7LwPZUEuA",0.0388236454682143
"LG1labdeA_BkIyZimEpvhA",0.0387146423066414
"wpFOZbONc7qUYz6YmBfKuQ",0.0387105468176638
"E_oA0DsPXwlilNQmdcNA2Q",0.0385419120693435
"5kn-STdORYsEIi_nFfPkfQ",0.0385252560013392
"Ft6JFUO5-hjV_w6HuUs9LQ",0.0385064028349105
"9bW0DCsSH-fbf0YSeSu31g",0.038440275957143
"KmALJUdnR-UGoXPXXqv9Ew",0.0380809815193971
"6ICGve6UyGPuLaGrKQBVuw",0.0380638853250201
"Y1dePwQ8KOK9YOBKeaWbcQ",0.038030998388269
"hCmALgeErt6qVDJDMgy5dg",0.0379975471061335
"4kM-mP7z1nP015R2Tlz1Tw",0.0379972606107043
"FdBoYwB90oxGrxmSh0Ko7g",0.0379570211908857
"r03Hj3-XHNpSrv8ZpOn26w",0.037894479424321
"nzyBqlbKBycOhTTZ9MVuhg",0.0377934069216076
"tXeXtTOvVLm_xGgaMEuoTA",0.0376439828984178
"DfA7H9rpwTXJ_3GOOBqNZg",0.0374238311276297
"kBnLbJcG8JLlxEuPhw7kNw",0.0370814970834113
"Ju3QcTn_Gl3n42vEK3P9bA",0.0370370656640328
"zqA4qJnFaVHrHJmOmQtzNw",0.0370174238721005
"kN7QE8eh5ASit2xv5KMOFA",0.0369764237876626
"uFNCii_PfEh9QiAEszHb4A",0.0369545358624249
"O49wgZil7BBGpEarvPg23w",0.0366800044333237
"5YUGde1hTOu19Jq9anqLMA",0.0366312673370327
"5CCMwfZll_eS8chsGRzjkQ",0.0365702554139821
"8F5HcVVeEEWqfT5S4VpnBg",0.0364228850136079
"dBk8yOWJE3fj8AFjh6D-uQ",0.0364065895701302
"wksfC_Dud9G8GPntOq1CxA",0.0363599351479565
"52WPfS1oskr_daXkwekWZw",0.0363522073884148
"UD0zvmqyefhV0O0PCJ_qJw",0.0363349615050087
"J-zxZQBf7MVMW-cnoyWbFQ",0.0362636992945969
"LUylwiKNsS7_iumytRgAmw",0.0362092754099975
"OYz9KLjBsvTx7ZoGha2IPQ",0.0362020996166141
"ZamavR57HJegqTKIOM_BSg",0.0361018395580685
"nhPdxY-jbf-XVQ6Hq6qJPw",0.0360358514876858
"S0EZSHGPt1gd7FzFC_donA",0.0359973295746663
"vmdf5fPz58OCqMsIct-mDA",0.0359839434174765
"yDG1pryyHScHpSas70D7lQ",0.035616791817474
"7SQRzfxsgeOPUEMOrJhMFg",0.0353460076429735
"-6j-KVPPX2xKjCruNO2HnQ",0.035338936460644
"4rCM7UkVpaKAOKkoy_nTUQ",0.035292980403902
"vyc1Bm_b-0sVGpwLRFlKQw",0.0352097343334531
"c2lZc0G8CGKZMuogYlPYhQ",0.0351861215278259
"HxX5Nm0tT6QG_-JRU3E7vg",0.0351349317571596
"L9D9xHVgCo71ZoO1ZBGOsQ",0.0350719597568662
"NHIWIA3g7oLZ5gW1tpjf8w",0.0350587445552943
"z5FyOEvDcEUyuuSokinf9w",0.0349139249925412
"nAfOIJUSuIAwN0MiL4zJJw",0.0348128914696461
"9l4oJaROYM1OM1bjvmXCCw",0.0347528222098455
"U8zkvDThX0hhkPxe2-y0fw",0.034601361923284
"CESMPxEWnj42f4nTXV3_yw",0.0343795866844154
"-9Zy-3vhvOtsY5u2taOfQQ",0.0343276897023236
"EFTjNyDBuA10JPAIm2-BCg",0.0343112122693636
"-wPCXTp-dagJvJY_iYzKFQ",0.0342575983176056
"34FswFM28xpuNp3SmFVxeA",0.0342380405322375
"xLADsjoWssHw_nsK-XtOvA",0.0342241985524015
"MAUsBxBLRN5Hm1mOP4LVCg",0.034179040196574
"YZyzJVGQDgsOBS098JDR7A",0.0340357629699127
"4y7QjZv6ullXe_0VE1yNAA",0.0338775268846891
"uTl34lB2jvFARCud-ZI6Mg",0.0338769186824704
"qC21Nl_OUfTr_xf8ZjzOcg",0.0338201994618483
"2ew7Ol0Nxbk_AGAtHXnnMA",0.0337535116625336
"sZPX_diXfk41qqVvXxGvMQ",0.0336642805583284
"hogySNyo5UohpTNc-Tw8-w",0.0336309159168464
"hlME5-P2CudNDCUSIX2cxQ",0.0335988454305409
"nNOPWMUqJVxX7nv8N5E-4g",0.0335947441187835
"HZ9eKswFKunhaT-wNhdr_Q",0.0335737707770569
"Mgn-HWhZIDO0LNvdjdrfDg",0.033466306227924
"tdfJIAwKe0vyhyX0pKLxCg",0.0333578636919964
"dn0yw0WPTsH8P0SAstDQWw",0.0333294105742041
"O6fEzyH0fRP7r8IbSnCgoA",0.0333048446940044
"M8CC5_9vEvt1yOI2pnkvKA",0.0329696461923631
"ElTXBTRhunxD8iIpO4HEgA",0.0328349097819571
"99BYcmfuAlc49N4E-Ip--A",0.0326399905456826
"n2MTry6EWZKwDxxm9-povQ",0.0326369452385378
"UcAlpX1rdrP_W54bgmNhMw",0.0324120632420439
"yqQwYGkONPfDbT68xCRmfw",0.0323657091156281
"FrxHC1HCbRaeJg2LN175Ag",0.0323539344023235
"NnC14ctqyIKsknJqNcng-A",0.0323208091457229
"lzVQS4G7SDYx39h-iRxidg",0.0320454418712567
"Qis-foTefAEG4Ut7UIEWKA",0.0320318759485588
"wBJA330LpDTq-MpXz3qIIQ",0.0319884247714239
"QW5z1BpyU4S7vHF2LJNNsg",0.0319401320681307
"36-XZlXeTz66g98AxGFbig",0.0318564915609921
"EKju94L6tR7kFO9Wthk6CQ",0.0318079016666679
"FhRQSkZwSYVJKIeDab4Dzg",0.0317042029206325
"YFD3QFtNfmq6ZGjUI1_S7g",0.0316256338527142
"bjdCWCvMcZ5ZYZ461LBcZg",0.0316147050372748
"iWYC_DYEoNN24ZV2P4AVJQ",0.0315918107415345
"KQof0faM47VWDoZ2BnwLIg",0.0315433088418519
"vr8SXJqDRAtQ4EVHLktd3g",0.031524732583559
"DA0T-odcMQYjTn2S5Yv3ug",0.0314453508632441
"mCY4J3fZHuhpE9nUAQ0_6w",0.0314149727435434
"a3oaJfVAqaCgiMw94lgkfg",0.0313120727662989
"90cuR5lcs2fJ2BwAA18zSQ",0.0311887574002334
"tuR6sBN9IwyLEg6KiuEXTQ",0.0311300975674908
"noX7tQCO-zYkJxVqoZ4u8g",0.0310895419698649
"lKrlSZON-EK41iiIKruDCw",0.0309237607271977
"EQ0Q_35W_I9TFvvD9nY4xw",0.0307298190537074
"kET-QVVfV0nzqXipSULG6w",0.030714155699278
"vcTQNi3qj2tSWOe6Fv2XsA",0.030699056293532
"ve1yV77G1yCeVicz5I0ZfQ",0.030657032961183
"h9UyxcAZN4ynvhbfXnZnAA",0.0305656196793539
"iqRYKjckKZh1ifqRQVlygg",0.030384926727066
"Oc3GWvlXBocTVgQCse3Nbg",0.0302751555593692
"zN2KzJECaUg2aXrQjylq_Q",0.0301969300884628
"Cc9-mnu0EK41Y09BQwAt7Q",0.0299241062459725
"GhgR_497U6hXKqPGmQKKMg",0.0299170850833844
"5r9ORbK8eaSVDBiT1DaSug",0.0298968752201118
"Pa1dew9FR3xJiEvPIRC2Rw",0.0297825156751491
"q-hsairntIcaUs2BCQ07Fw",0.0297306844401107
"bgBmyT2MZs-do8WFxJuRUg",0.0295447729763628
"dFNL7As8UcvgjhCW3HexMw",0.0295386386258631
"330OW1waJYEv7CXgcSwLSQ",0.0295377783249071
"sLTur8Xo0ZAWx5Q3QMTw5w",0.0294845165949552
"XzhsJecsCYj-Wc32zOWqmg",0.0294749118894525
"SYQZYLs0lWuAjVFdUkdcOg",0.0294678371799531
"wfwIbtSalxJ7wlzUVDYFsQ",0.0293704904216155
"I7pe2uywirqgBVc2V_sWLg",0.0292897039376617
"VcRCpmrHldt_9MDYu3MP-Q",0.0292717776017508
"bVyARiRmg36o5BObsnUL8g",0.029136074988111
"Lw-01HQDswygHvAZfwkpxA",0.0290703887902832
"Vf_Ng_A1KKOrD0Bggx-ueg",0.0290689160722019
"rpq5pRzrVPXt9wKm17LV7Q",0.0290322959395207
"PvFVdkhGeVfHZdIkMBLOBA",0.0289926961098994
"7A5-bIWh6z4NPUuhGthBIQ",0.0289831271582114
"5A2ws3jfn_C3pNS-tl07eg",0.0288860869151534
"C_Wf2dcaNrtMjNDcN8G-cQ",0.0288714886002681
"ZyL_apTkiQadCcqjqjEhaw",0.0287416775990601
"329L4KhvziONbftfHdvwYQ",0.0287084497217685
"C9CF7p53Y0L5ErKRhhFhng",0.0286215559897057
"i1kv2hcQfnwpok8BfKw5OQ",0.0285530279594463
"3IQSDaqbnqACADJWlXpRkA",0.0284906338282293
"w3WH124kxt30NkZ6WivrwA",0.0283873832223625
"TYekmFz9_jSEy3LK42QlAQ",0.0283273238915499
"l3mzaesyc90rxXt2d4HpTg",0.0283060450858156
"r_tiu5GF0UAOiGBgbfDeyA",0.0281003176728829
"c9D0yUos-jGOZaUv7SgCFw",0.0280637039177743
"79ZIZgFiQATOfdsFq2dcOw",0.0279470819307518
"KvAUvcVv9Xsb1-uX8dz9LA",0.0279463407240716
"IcwFdWGnetL2EW_n-GiMnQ",0.0278491682512839
"T81Yc4_Mu6hehSs7F1yZLw",0.0278456596549727
"qqVmZ3H7j06pcJFaSA4pcg",0.0278392405344702
"ASwN3Ih0Eh1oH0npLbzVjA",0.0275485420256831
"IbWfpebkP64zWgc9-ZVtZA",0.0273855669480345
"P0aKJw8rb0DKLaGottHEAw",0.0273101701877043
"RgY2o2itW7-ydy228N5xhQ",0.0271252091926196
"8fdAV6RBQMmLadkOzGcU-A",0.0270730618625159
"MOGTTOxyzfDCj2W5RR7__Q",0.0270138037176011
"QMX1ssofSveU3qhVAKLnXA",0.0268687214215026
"jm2VltGSjXCX6Da27Y-Ndw",0.0268253618345226
"2XU8BqJ81UxQn8SOi01R8g",0.0268129830956818
"kqw4NDeEmszmASDqMGjRgw",0.026811133302202
"IcOkka6e5QZ0Pkz-KIdlgQ",0.0267814445806143
"wO-V7Eqttzlkbmqz3UZzCA",0.0267301782943585
"vaOvfVZ0p5qNgbY12HWHjA",0.0267153748370466
"kyPTfVzZfopYwZyZ4hhLMw",0.0267097664525545
"bOyoQlRSr5Of67COPtzxAA",0.0265876421374732
"N29zfL68LmwfWr5EQKB0Yg",0.0265783957929635
"-2NCvK5807Nxs9GUb2Eo1g",0.0265196103031828
"iMFJhOX9-1Mtg_GX_mUO8w",0.0264965171758847
"bKXiuZuAWoYLsEgDGsZlvQ",0.0264738674745108
"u9521MhFE7jiqq0B51xfrQ",0.0264695565555592
"e5ri6gZgqYNe37uXGtmetg",0.0264198718912907
"0mihgXu75qwqOJngkrm3vw",0.0262517129594897
"egGk5zPJIfgIwlDPjuaVaQ",0.0262444549847862
"6eOtk-hsb6uz_5FTsb4tkA",0.0262235320788364
"6BI_-LpcCc71IXhsU3QZCA",0.0260561504196292
"iXaFY4gU6t8mZmsn1dtRog",0.0260338270780754
"K8NHF5J2MeW-JNebgtrZPg",0.0260216870948218
"BUEeOKuTJc4uZAp1A2dEhA",0.0258944189830587
"0jye3EpGbU3dFe4yf9pxzQ",0.0258483230619381
"JF4Ge_KqznXoZ-zmk_veQw",0.0258428825259811
"VxL-VuW315nJwrFG7nojWQ",0.0258221132333434
"CSSzipUBHYzxX74-qcPrTw",0.0258140039114536
"9dRZHK7Y8gWfkEyfQd8Yqw",0.0258075610742324
"UJuNE5RPA-tbHowVEkuLpg",0.025791732620488
"v1RYPMk3P0jMdtLtqi11qQ",0.0257706603225519
"zWmMse__At85rO_ivLcpXA",0.0257347106600314
"5LVR-0X-12SE8Bu4XFRZlg",0.0255674252274913
"AL259yRTSk5jQp6C4tjSiA",0.0254769703545617
"IH4Z8izINZnewZ8Wabva5A",0.0252996002275847
"ddpzgkikbofq8VlaeN9crw",0.0251623293764319
"rv-d0maeNVrmraMlTwfQtQ",0.0251532078074147
"6LoNRotewF81fxka6L_8Jw",0.0251499488613566
"KZ3FKcto4dZz0c7uoRSV6Q",0.025121987858378
"HDXY5ymbehbAL4HZCqgtMA",0.0251164063343652
"NQCUToLtPzvqyp0OT3pFJQ",0.0250694693625615
"KQRDftjIbGy2X2HVwm7ytg",0.0250561502916766
"R6bBcQaHFHHpndTzMEHjXA",0.0247842306566673
"jVsMGTFEmKa-W7BmGqE-hw",0.0247246091080986
"8P2lLn68_RY-DMP876rIBw",0.0247022944410631
"OOPBFViU0cl_GryJOEEUcg",0.0245497717413745
"qkeqtJVAkqpK4ctGCOdyVg",0.0245037507970799
"1x6MlFYhRSzbGZ_E7kICvQ",0.0244562531414172
"JeJXgEpfPfXLAiqfCVRwVQ",0.0244202715997956
"cEtlUnEBXDPsFHhhou27tw",0.0243785829023563
"6-jlUgqp0Mv3PUzMGjrb0A",0.0243517929124513
"P4r-LsB1ldgvlgli40Yu-Q",0.0243174636332652
"o-o6-_y9eLJ3dMHcsQH02Q",0.0242666822494674
"KQqkkg5jaxIbdMIG4MJCIw",0.0242226506875273
"k3hnjXbXs4I4a4rWDCcWUw",0.0241916499097665
"HGYWcFlM82eFukuOEn2iOg",0.0241843831100714
"WYnveDiSEXLCeNkLZrXibQ",0.0240727632485567
"5HhX4bSsIhbeuDoGTqEcgg",0.0239731731410608
"DefveyKSH0RJ5nP7PE5kKg",0.0239630779156882
"WLg9N_3CwgQgkXcjb21e-A",0.0238049906572314
"NGILhbY8zh_wACzUDQFbCQ",0.0236977883333249
"AuauXx2yISco80jjAefagg",0.0236232231769458
"HHYnkVXOk1VzTzlfPG5dPw",0.0236111240709732
"xpcRPE101dLgXVPTxTzYWw",0.0235533186152561
"5nisFSuX7Bn9BHME5Lrqyg",0.0234898282474478
"8wrGl5E16vtCdznIHzVs6A",0.0234317511905512
"HW4QRyNoNjZaJDzfzDKdvA",0.0233930808243089
"d3fTw1F1TLAQ97w36JYi-g",0.0233735709565824
"McKy_sfydwNte-TzzN5DUw",0.0233172984288463
"kWucMFuGXLtu-PVvWqIgCQ",0.0232658104715452
"eVlErNWjXrcVa5KjhcNcJA",0.0232366373145217
"bAty9chWtByodcGQq8OVfA",0.02313662104925
"S69DaIYms_PKBty1d2xeAA",0.0231259476021497
"df7cda6f5lMADGnoVHd8pg",0.0229071295284982
"FdXRNSB6GDN2JQSy-0zdlw",0.0228888765715188
"6SWPWj74qF_pEVgDM3-IpA",0.0228331722864558
"IrTmU9AVHZ8fyYS7qu9QWQ",0.0227661942493391
"ao9QoUXxxXJenr2Q1pYjAQ",0.0227646932849085
"9iykF_gU0Jd6maDg19NE1Q",0.0227224016166036
"7rsMIEq01gE12F7iRdzLEA",0.0226808425802583
"p8zOYTVe-xmBPVtWcJayAg",0.0226575465146027
"QsJzYdCR2AlnvvagjejSRw",0.0225911024634506
"utyqO_IVBAN8ULZmi52XaA",0.022459984787573
"O2c6M8VB3m8tR7zE7khxmw",0.0224471889362583
"bgOVREi-uu2UJUJXm-6LzA",0.022391103689811
"szvqB3i0U4Z0Cl_wtzlVdQ",0.0223753837831265
"JId-omv3reUpFcL0dhhegQ",0.0223342502980888
"SwpO_7R_U4nIIIycmnRmow",0.0223075641660999
"UzbI1Da7X23bDLwPluj5Qg",0.0222821795313941
"A0uKiHFg7eKYQwPXC3drfQ",0.0221238345935221
"xvO8CD3bBDrmUoH8qD0azg",0.0220321145731176
"EN6-FrkFBWKrtS8842cZYA",0.0219899526188931
"19-p0nsbAhxv2mlpefC4Qg",0.0219750286508888
"OigTHfCur-D8Ne-bV1ngOg",0.0219384642746516
"DOMHICcq_VaoACUHRbtK_Q",0.0218860730170571
"8OhcZBu7ngRYbg8r7FZfTA",0.0217854469929004
"yVhZLUJPs5-gj_sA7__5fQ",0.021715946084257
"m-dhT9kFWMd03B9HQolK_w",0.0217044624238181
"eyI-uJa_HBm7wAgeKVqdIA",0.0217044624238181
"ngCRSblkhes9AtGPj9_reQ",0.0216983984849839
"NQQ6Kc9NdyrIujz0s0-Ebg",0.0216301149147137
"7CiT-PNQirqzDWKw4xKXPw",0.0215620636774903
"KdZMrO06w46riI5r4wjweg",0.0213285216237988
"0s-OY8GuWszGYSMDAMw6kQ",0.0212916278737757
"ZXl9KGsv-VEoDKCC_08j4A",0.0212430191681611
"QoCjVVy4--QNyVRkzQTCEg",0.0212417337038692
"YmzCjAQV8XuElZQcmsjenw",0.0212186155120783
"Q6j59GySlLOrq7iaI9ySAQ",0.0212171330403825
"8_1veEvO7qUPdD7o-03Hgw",0.0212024565379943
"7n1Bdi7FBAD2MarrRy-ecQ",0.0210969393008448
"phJiywlkjztj9jQETBO-Uw",0.0208760282017194
"oAcmLvOzafWHM4Gl9GFEAA",0.0206387531338497
"Zsk4RTLdjZ3X_dp-hV9J6A",0.020626040203129
"qHWMhZDU9_cXfaNCwG-sAQ",0.0204821730894551
"aj7NCTh1yVAPeaAuwWVydw",0.0204706343414469
"hvhogN-3cMny0Nrqbsjpkg",0.0204276162779068
"U2JW2qOGnjqPhREgUR__XA",0.0204113566084639
"WSYVq5V75-pWdZq2NpMmiw",0.0203805883534839
"pvaUE-Cmg6k37GQ-LluOLw",0.0203722948084196
"VCDl24n2Bx6yHSWrfHiMiw",0.0203606533657375
"kmA-A5pRfTeKrMXOW9gykw",0.0203382220276274
"6sacMshKy0kYHEk_Zr1yBA",0.0203253936569406
"sczE7-jiwrfhHnLztdOhaQ",0.0202915919396222
"u9dU_eX631Hdu-RvRlSfCA",0.0202822770016158
"HRIvgh-RmGcaMyz8oT4b3Q",0.0202615502141213
"dllnxstabJ2rL2ytH96JPA",0.0201926687284007
"b2V26WaTcJJgGxiAMBODAw",0.0201881219007228
"i-9V6aWp4pzMYVUFnK1o4A",0.0198213258042419
"Gj33U7MhMSw5wtr9Hh6GEw",0.0196972200541197
"iabCqsDwoWzxeL1G9qs4fg",0.0196599379952901
"FNNs05wR2Fmt3XQDXRoNFg",0.0196399897252029
"iyXUKMgf5-ph-xf5zQTflA",0.0195842369437037
"gNyaalWR6m06rig3c7h0bQ",0.0195732667615099
"1kdy1So4IGcVlglJtsfDeA",0.0195609718037618
"VkyEBbis8HpKRzVPIFX1cA",0.0195496922359191
"SbducHMoLIzn2fc3qKac0g",0.0194758927065705
"hAqS9S7yqgxXSf7HemxyDg",0.0193469075943585
"T870Xz8KE_-KFF46KezDvQ",0.0193368102672522
"HIphmsTpcdGy2f3TNGB9pA",0.0192972929308402
"P9aM91bY6XHOY9ZfaLUYqQ",0.0192889266143958
"qsBypA01WgHsNc27OpDh6w",0.01928483710596
"UWO2DlgF5rtnwsuluZCkJg",0.0192730056304652
"iRUaXAof-VDkqY7x4JCrnw",0.0192307692307692
"zDZG-JLtGxRnunCY9jaERQ",0.0191211758071899
"G5dIek0rXPTHlqlJpCNmpw",0.0190776358279447
"CN6AB-R4OLsKxFhQ1Kk68g",0.019026586036769
"j-U9T0SzyvH04FYmRPjT5w",0.0189956287976719
"N8B8NLN29aDTQhATGZnqhw",0.0189465724402492
"jkVbWn8ILGFOPzp4hNb9Bw",0.0189215661570463
"MUPWRBidG0_EQC9ey4-xKQ",0.0188999532830608
"hoR5WtHocyifHM8fxKd1XA",0.0188418968084172
"OJcQbB0XVG7Rxm00_dV8vg",0.0187481997712175
"YAC6aPRZyAhICwa9qAHE7Q",0.0187316382825286
"zhYjsLg01y17-oEHN6AFPQ",0.0187082267393731
"QRLo5dvsir_0-Xi9BrHcjw",0.0187039193953028
"tsMhwVIQciCs-fy0ruFAng",0.0186961934524159
"XKWN6DnpcXxXNvTjjzvMPA",0.0186334084107334
"2TV2oOR3qMWKhTFQNJFFnw",0.018597915580429
"T5dnODMsEXydjfX4lcH2XQ",0.0185559477036805
"XNkdMAQadW0o880tgOVaag",0.0185327441262173
"IMEB724RormQyKV8PvnvOQ",0.0184665346564882
"XiUxS327vVkwWtR2TgpxLw",0.0184492238101293
"bs-BDfrwkUMXNWMkdVk6Tg",0.0184337454065372
"xibL5PBnob11lnX8hS6Ihw",0.0183156733168084
"kata831HVR1jNpw1U17-nw",0.0182682114617262
"Uzwa_6F_b_URQ5YlOIDnXA",0.0182575211646091
"nu0giYqJOGLVsZLUdPwQOw",0.0182128312095176
"onv6-u283dEMVkFeAixYtw",0.0181514936596391
"zMdehlbUF2FqJSqarOsi8A",0.0180048036127099
"kOyysCeIagD4sEhIM0-etQ",0.0179681721534481
"ChDMwO8gnbwSUwMvmRbxjQ",0.0179607386375681
"UNjUknUqBzufyPKeMi3FpQ",0.0179469430962212
"8xHMwZ2zvLD3BqHr1KdRHw",0.0178650714778328
"-dOhouYkZyKQnV45tJ7tKQ",0.0178636218107893
"d4t1qlm-mjhBmDUdboq5Uw",0.0178609106448754
"hnN3SAfSThUHPEq4rLtC2g",0.0178354593892326
"b856Q36EWKbwbm_XdJER8Q",0.0177733332331097
"rVew_-TMhF5epIvpVDYMMA",0.0176963290440553
"UUs667cl2g2SjmWcOYgCVw",0.0176755967240975
"gmyzz54jR7WzTu2xGnA92Q",0.017667007074542
"KxJ5DRcSo83N-GW4f_gMQQ",0.0176507338899478
"myQi5a626Biwo2vxN8vheA",0.0176295919356061
"DizxFKuAw6Bhg7llz3cXeg",0.017584514981496
"c2RzHxH4DQcH4A-a5FpidQ",0.0175712377006677
"RU5so-ExZLhPXrJDSXDCPQ",0.0175676520802997
"z_V32f1tNYLXe8VD589vPg",0.0175479975937374
"stPGLQ8-zTCnAWcp-PgBGA",0.0175192679743262
"EbMnI7T81l7xQ0tjiSZV-w",0.0175068841754168
"s4S0BJlgW7eNpt4JqeMRZg",0.0174384750721563
"7PbEGjI3UGQXz7rF-UhkGQ",0.0173698794943957
"LiRp5HHfquwpYNg3DogMWg",0.0173612001421708
"dM1UPPgeQFczXxCwnTJK-w",0.0173585372533632
"CXMJ7uy7gCQ8ZoVazWUe-A",0.0173258437462881
"n4WSlbWa9rDNJk4uUKTpsw",0.017314809836835
"50TqjFmNyZqOgQEo1oeSaQ",0.0172629140669325
"v96eOvQGYHukDu_UWqNl4A",0.0172592837142973
"WCcXaLESHYJY7hjZ1asAow",0.0171639544829801
"VkeJXFNMGHgZBFDOlZE0jA",0.0171286261579598
"csdg3ZSLpI9PJmb0esKBnw",0.0170496935594875
"M8a29Glk1aG3iYPKpckaIA",0.0170186733878811
"o43fODlEvWd_eTo5-tljAg",0.0170047358904417
"ncYJ3e7Cd0ule7vbFnJBKw",0.0169944006006026
"hWhkm0CBERtqa-EhTmpecA",0.016925141769142
"9Wf3RHNSITQ-UW0J5jcaxA",0.016864800227307
"-R7uChoaVzwNvPNMT1gOuw",0.0168417707439212
"7N713OtnkPkS63VrWwtjWw",0.0168265076938438
"S7nvXlsZk1metFA6HhwlGQ",0.0167793803007825
"xkKpuYznFSjqX91D4aZfHQ",0.0167490710897119
"UDugrCPd9OniJ1palh46Ig",0.0167242196744012
"1rtp8yZW8fI1Y3C8WxWthg",0.0166926251897677
"vAnxS2AeDy2L1wTK84PAAg",0.0166667167958709
"C7JClUutp2UFQl4ajjno0w",0.0165997823071428
"hG8I8_z1ueja2jPBy0aimg",0.0164449292449206
"3hWuhwAKxodX8ayAb-fe2g",0.0163540316854504
"waG6ucx1ADpZR1XoF6B99A",0.0163055650850254
"we6yR1R5NTvnXAvWpqcQaQ",0.0162928223148266
"XdmkYETQdOr3n_grt6L2zA",0.0162594419118029
"QtgwtufoRomTKwase6BdEw",0.0162571173826626
"1hqvPXcoXiewmALiVtzmnw",0.0162498003287074
"M5gpEDFICJb8cT8YpMO0lQ",0.0162409823062009
"ptJU2je54RnziO4bfS5ORg",0.0161771542424261
"eoMLAjvo97vK0mMA2O4Zmg",0.0161673456689288
"i2FTNyZ0BHgTF8vcM4ypjg",0.0161554111050667
"FRYCe6Yc0rPzzloSWSsl1g",0.0160590310753612
"pysqDAUtS3Fr94vBZAlEcg",0.016014899672982
"BiWJOv2xVWPO3rwtv7u0Cg",0.0159964738042203
"QFZr_huhsKljp_dWUAfVGg",0.0159823398462241
"BeyxMq-gItRJLO7sU73y5w",0.0159353009652609
"fwE6z2Jwqh67BWB_EZ-CUA",0.015931389800381
"_qvYa_VkaAZLi_k0Bjl_JA",0.0159281185241396
"mHWFcOIT-CNbbID9LM-9Jg",0.0157510919299143
"Y20ujp5YGJP5P4aWt456Cw",0.0157414740777902
"RQ5Fe5XMJokYJaBkP-i4jA",0.0157382948392555
"bfANvTlrA7cpgiRoYjAc0g",0.0157179355277254
"fYlUfOfQarOIIjjQDeq6Lg",0.0156988130557598
"CchFSMdUDeAB_jvVjRt-0Q",0.0156158234042175
"kIzr8R6rd31M-RB7xfFu5w",0.01560541367378
"_CFgU43jk6pX1cm_Nc1vHw",0.015584289544932
"kYIF0DdQLxolA6sYFHHoig",0.015565611115698
"a2N3J1WJ1vWkqrAXrlB9Og",0.0155623099744476
"LqiVRX8nCWC47P5zBtOOvg",0.0155489780071108
"K5BQkDJE9TGkyRfJeTwmDQ",0.0155008430954089
"4kTmiAMs0OnXVLI5_OJfTg",0.0154633534051306
"mpcOh0HzArc52cZVWQSnCg",0.0154412973008905
"COzxp1zY_Eb8eXMOMlJwXg",0.0153606735403681
"0sbPpUIyTpcx90bLRsVx0w",0.015355028536473
"4M8E3KWiHZB6gNxMV_btAQ",0.0153060027111636
"COquqpjSuZuUi1IbblM4Ew",0.0152175172150774
"eEMw81tZOYgW2xRX7o7W4g",0.0152037102431875
"KLYI39LFvsPzS_2-j9qgIA",0.0151842925130879
"iUmqhLRFVo34WswW55Nlog",0.0151455467619797
"ZN7PGgTTJGppVjI26H5_rA",0.0151357696004928
"GixdZmUS3hYl9guox8remA",0.0150655641758655
"1MiiUX0bjhfQoVF9c-be_A",0.0150192757171854
"TMhHqj5KnkxOBR9vdM84qg",0.0150014538151321
"c18sHlZzNyrBM1wk88RZbw",0.0149729720440926
"YqDzCl6uVNJ3vhJm9yQEcw",0.0148985860959242
"xGF8QVmItGoVOLjPyyAYBA",0.0148840004883076
"4Cjf5Q94Rf1o2P-X70BFwg",0.0148824410579726
"sH2nJMWutcLwqUn23tR7Kg",0.0148027509061892
"4-B5ou1FbGVjVEQd3FAoIA",0.0147591306920078
"AmJIiex2yuCki67NM4GDSA",0.014725975290495
"UtFakbb6xa13w7XRzvd1cA",0.0145601059863998
"UaqG2RIaDRj1A4ZHZYn1_w",0.0144592940731157
"ajtJ9D2MCGOj81cld9KdeA",0.014451655446601
"51Tvv-QOiFeEcELzDuO1fQ",0.0144274752356703
"CEPvTz9BU_wK45zZoQNhrw",0.0143884173554548
"xYDJg_syH_3vR5P8TNq3uA",0.0143565449529799
"KTL1VCXn-mPmGc6LPjnSgA",0.0142886179564638
"NLZJ9sMsWp9NaD1y5pq5Dw",0.0142173971071688
"7Lr7SYyO9m_yU1hXR_8GLA",0.0142072649094294
"9PusX3-2EKqB-yMdQqMU4Q",0.0140730806190686
"Ylef457BBvxuv7wq-20lkg",0.0140672326293787
"WrQo9ryHWgALuM08knK4Vw",0.0140540790265333
"EnAohly3Hk8vD3WK48YmVQ",0.0140319943891633
"0pikmKdTttjRlDHRS68z0w",0.0140250435747851
"yZBXGumdNh3N-gzaaU_HrQ",0.0140191739555004
"mVqQ3jT6WvhWd_-vUlPX6Q",0.0139323705356373
"w2Mp69i6bKxhtl3FeQU0PA",0.0139219812913708
"vwpimAlN3l4zLqQ7hxh3zw",0.0138942314690759
"YwPcS7r6SQRbvAxHRA56Gg",0.0138495431515346
"Yolbffkso5NzevoEdIBEwA",0.0138240200280559
"qsG9IodmHIq9NEXMpfLmqg",0.0138195947667988
"dep75TgD7HUZ2K9NYNRqgg",0.0137046872261928
"polN2PQYb9y5bhgBHMzjiw",0.013682197790894
"RFD9YIpaeGLxzmUIGOJbWA",0.0136453278516317
"-T8O1amt2U6zp06FH-8n9w",0.0136188314254538
"HFWTazpCx-DRhztgER0DbQ",0.0135951476460343
"DlD95KM4cCjGGi_O_aX0tw",0.0135648090944372
"mLpm1LuNJ7QWH3Tnv2B68Q",0.0134943901716985
"NR4d7qLeT6zuKACFEtndwA",0.0134627588853145
"ihEq4Q3iwrRr28iELQR0xA",0.0134441234566052
"lO5orbaGXXlz7jcdke-uaw",0.0134379691500649
"1qgy9kz5TQaTm-9qcoATwg",0.0134320392946628
"qZ1bDtcercwUw4w7trpVjQ",0.0133925335803492
"S_R1pls6874mHYKcsxWtEA",0.0133924412886872
"JEzpYSWtWo_Zs3rPcSQgQw",0.0131940379580589
"oXNHgPl9ugfHg8h7SCmOYg",0.0131554008517579
"pj8ZxvLq448FAW3mQ9Bmxw",0.0131237507628551
"F4Ge6XtaIR4s-fMKd55YfA",0.013082696201452
"5A5nHG091pmWOc1udlNDyg",0.0129498379045063
"UJ3qZj4oF-PyHZXhlfm0DQ",0.0129422767071353
"NXPeKHgktHKnsntL58PJVA",0.0129051589777356
"oG7o3OyLTIfhZYtKYI5xhw",0.0128850562441001
"LmUsz1BW611QEtlAmUQigg",0.0128306388048625
"RbUCjIvGtgPY_cT6MJYxmQ",0.0128143900881381
"-HK7dIj7Eyx0JsfDzgbFKw",0.0128126515326171
"mVxkjkrtdxpdf35Zy3Z68A",0.0127526067355522
"Hm2Jxsh_MCUWdzfFU_U2Gg",0.0126450106200609
"kZUrKA0yVVTTTgIGvyY1hw",0.0126169914441629
"WG-7TY7_4YJzk9BsOYyGcw",0.0125509114437416
"OC7XzLMjAer9e3LsA6pH2w",0.0125485625485625
"zOY-W35waCcBWDmjX7_MFQ",0.0125482965451073
"uHeIhaozBhVKLO-bIfTgfA",0.0124600403602874
"SdMmB-Yjmj2AlnI1G71AuA",0.0124433907937912
"JncdQGHMo52NhrA8FP6cHQ",0.0124124727153651
"2iiCazdKZjFYy46FR8iySA",0.0124016949542141
"4NA8eVNA-41mcUK_QZYu1Q",0.0123938907292038
"x1-V3PLFEOGgvyRAWU9xvA",0.0122857874068625
"ECMKdd1A5779wrLhbVtCvw",0.0122745269349177
"U_RvpPJNn24oWJo07x2j7w",0.0122644424279575
"akYe4za4jNTJbBKqF-KRBA",0.0122402403401947
"LvuoCzsUGiQUk_ENWCoutQ",0.0122346446136994
"X21MFby16iSYdyf-Ywa6pg",0.0122253767159905
"zcz-j8EiGyClxrzZnBMieQ",0.0122107059052587
"ttsxQ4P_jEqKLxwkLUI8_w",0.0122042459418796
"GNnD7q4ACXi8GCv7x_Gifg",0.0121985020764606
"EfyrtoGJSjwiYoHIJy9iSA",0.0121955644864944
"ULvDCr7r9sMU1iSwgTHXsA",0.0121844646117266
"90ZdW5Hq-QHKFxLsO3T5FA",0.0121795409782598
"4s1g0_00RYhhC1BuOlGdzQ",0.0121366630742545
"nz97EGzppkXKU_4cFuDxOg",0.0121135473432613
"6M9tjZCPNJ1nNM9-ib8CgQ",0.0121116952681558
"ZEy0SageTYD9Pc94lmlfKA",0.0121066732384581
"-xV5z84xxsffee3EjXaxWg",0.0120888131835389
"sOsRiemCb1f_FdwjOVHl9w",0.012077878519086
"K2rCE7eiSUrHKFfmq6ZwXA",0.0119513442218742
"JzJxb7cQGg7zQNnUQk91yQ",0.0117912903095991
"7vs3ealcrQfPH8xYgAek2A",0.0117570847580476
"IqPPzSxyiuwTyfEqPU1cHQ",0.0117220194183764
"mQG9K5uvSmB10BLAytl_hw",0.0117023065416389
"F9L6Ueq6W6t-pwGjevE2Yg",0.011658563855146
"3hMF86FemqR_sH8OOh6sYQ",0.0116310459396719
"_naNO-mZQjTav4iLf5TFmA",0.0116036529359918
"mwp4SkYIkMdiIL4qGdjkdA",0.0115914246419143
"en8csXJNIkoBOOMawtyuTQ",0.0115860995241756
"8vJoAJn16kUQ6FrjhNPhfQ",0.0115558371979388
"SyZW-aiN4fHpH18-17mvRA",0.0115274161518107
"VDr_l-BCl8NsGpLXuYHjcw",0.0115048558985195
"m3R87_vgz8qXJy_zquIEUg",0.0113793029444376
"ZZdCN4JWbON8GyJB5FDs7w",0.0113545266355007
"qElQDVw8kTHjBPcmsxOazw",0.0113524328367045
"INmNgf05BuhP0AlxMYwddg",0.0113374537143347
"gBD36e9tnoGDoa07zlXTcw",0.0113168258300707
"unUnBwaCwXWco2fCynC4pg",0.0113104383116538
"NAG_v7sl8SNAcJdCNvQQ1A",0.0113070973788965
"Ra5UdK1Rq4GGbnpdpxnRWA",0.0113044053216594
"dDD6is_GS35RcXtl4QvP_w",0.0112482058268847
"fRXQncRecryQrd773p7RDQ",0.0112368386068973
"I6G6BbkCV86wAGE14A2ocw",0.0112258108834318
"tTGA6OcyIvv_0g_Hez3M7Q",0.0111757380080824
"piBJJg6KqIPHTvFxYZjbhw",0.0111752950405212
"vtx6CBAGAMq_vQpSyXmZaw",0.0111531750301951
"KReObuJvV-lqgxpwb1-tSg",0.0111524915240927
"bneYjIvbcQknNkJ2lDwRZg",0.0111027403560969
"r3KPqSZsr3ZL21NMbnAwWQ",0.0110830555535878
"EPE3OL8nOMQF-TaKo5H1hw",0.0110211274296648
"ufXEzi0gr019Iia6OVN7lA",0.0110171336068914
"UFvogJEUiLSJwyx2LSz2uQ",0.0109753014124475
"MiswZE4QKD3Y8sEoVENw7Q",0.0109305978620332
"8aYjRL3Q6G9iJWH75mcTeQ",0.0108801645044568
"AATvrPqbgZ64dLfqSvNSow",0.0108740445241861
"9XKIFRBT-UTglX3wBGPAAA",0.0108616085769768
"d5Zx8s39kpAegUsxPoQsjQ",0.0108535901606308
"dpVJsMwjhtAAFvKVwxncig",0.0108065989665062
"67MY5yf6budF8bssFTEgpA",0.010711293731641
"jQFGe3V9Nhs2CCEDkkNSDw",0.0106876422436975
"87FYPS7mN5z71PEtrK_msg",0.0106033541993394
"73xFy7mwY_W9iZPi9nTkYQ",0.0105717136063141
"AVmjohW9XQrCVHcsIH3LEg",0.0105476645675116
"bmDuW_5Lw-TZh57BvaIBDg",0.0105277186868608
"19R96ARU7-qDBjJBZrhg9w",0.0105268769435073
"2Cxq5noMJdIo-0K2zd8JYw",0.0104586377154852
"Fys7scZkBHcq7K4Hie0LTg",0.0104529085888105
"GHjhzsmGO9LhljiYqRq2rQ",0.0104269513216142
"ssmpTJ5W4UBCOHmzednRbg",0.010411053923151
"HfyLwcRwzz2RbdzNtIJh0g",0.0103969454060878
"Zdg2UDyqWc2Tn1L9m5z6aQ",0.0103794074158468
"YDAUJBGWfP7L2uFTFwR6pg",0.0103590894754317
"tJ3k96ySSdzEjFWuzxWY8g",0.0103319037622647
"ZyO8YM_g-_4Wiu8eKCUjqA",0.0102707687029071
"KqCvXI-hvw6x-PSTBxB1ug",0.0102633007400584
"spE_M6f5b9msx6cKz4xUlw",0.0102536176065562
"jS8ukLDjUz_wLyYE6LLkeQ",0.0102515177438778
"dvRLvL3naAkkQtlTz0iI-Q",0.0102408631768957
"A9HenpWb_6xCPvKeOaesfw",0.010236641851912
"zo8vy4HtpJl36MEUeGqGsA",0.0101829118988662
"1jGidLvb-bnBlCRD_a1h5w",0.010171018551658
"avCemWYA3kFhKbT9zn1fhw",0.0101619206665948
"W_STH29iZVm2FvYZwjPt0A",0.0101348646294894
"VHOh16tiDs2kVCCcMzt09Q",0.0101309022595022
"VzoxQsAAnpWXm5TSAHZnbw",0.0101226355337362
"ABRGoIyRfdWKxcCPmHMVtg",0.0100472576208453
"jJiN_GXWFcYhQIsK9gTO6Q",0.0100448833271716
"VHwmxbpQ6Pygkc2q3nJVYQ",0.0100298224512193
"R_OV5tjnajV2w4JsDM2juA",0.00998699603418865
"jsXcQiRua7OuCApuJuaAsQ",0.00993449032046919
"fKoyvPd1eJOa9EcZ6sk4gA",0.00985698785906296
"gorJWcHdUVAhiJcuAJOIXA",0.00984181044665285
"gn5wC5MV28nF1LbkyMUamQ",0.00981505481664631
"0f-LRH0XsWdG-3DJRilp6w",0.00981279282747912
"Calp-z22yvvWsE55_3DjKQ",0.0097921116213012
"uimRcvvt297N3Ef2hoqdfA",0.00976290533709043
"G0we_ApIsxIUTi5zoxkJjw",0.00969167457335376
"CSkeUZmxBzW-qeeTVLEjmg",0.00966392464223122
"bAQGmZxPLmlc4sRgzx-Haw",0.00965440268005759
"owmTEfyEvHAvsPqwNOyN6Q",0.00961538461538462
"DidBlDPPP1FHsueIpLXIsQ",0.00960268084031449
"s_hoyLhAuqSngqtccWHERQ",0.00959001018059728
"0Iu3lb-HD3IrsowtbVGzPw",0.00958345678460502
"3ZmwFCe45219tOsQpBlBIw",0.0095071807451044
"NgSbsVx22tGYX8tKSsyolw",0.00948238076259394
"dZO5sijj4hUwhV2z9meh0A",0.00943766265739742
"-Z3V-PVl038reSinnyefWw",0.00940024310256979
"QowjF7UFjVfx9-5PHEpoyQ",0.0093866215657802
"3WkxgBbLz-Acok03ySdMbA",0.00935941442981082
"n2iWWQUFE8h11VMmb0Ib1g",0.00935192420325307
"RQKntEodZtaA1YhUewcMVg",0.00934490037195661
"yQPaPFVNGpAeiM-BXc3WQA",0.0092622145281501
"FbdXRvK-8xiErK6WbRo2Dg",0.00924061208084827
"MvMtfAjPb-u9dtvaZw9mUA",0.00923956884066908
"CnQpjJ37QT75YA_OAzqgDw",0.00920009456810378
"uQy54bl1sBcqRIw9MLLUSA",0.00914634155393042
"nSv-Ot05l--HHBmvtMyt8Q",0.00910649202106354
"EhDKCRKvMPkPg9dXWgCzSg",0.00909755986065829
"tivpU-VNABjNlHZ_sMUDGw",0.00904272627142007
"svqFVKU3p8yO9tu9w-0K6g",0.0090426113204767
"SjsguOTm7kQ_B3QcfHH-3A",0.0090295736414257
"HdPfaTXxyWhiefTSurx3ZQ",0.00902297638835372
"Q4uSuYGGRIyk0fzz5Vz07Q",0.00898392061908069
"I4miZPiYTLq8NwG29RNT8g",0.00897988834097342
"d7f08UPNjON0LBnyCMfYCA",0.00895977091461555
"eSzd3NNX6rf-qrLNP91OOg",0.0089597429757779
"ON-DoD4En7AdUIXVhTG5hg",0.00894916411841412
"-YGzPpGSzNGitITP_8ej6Q",0.00894894527378975
"2hM--u1QSxnJsdsExT42Lw",0.00894894527378975
"J6VGlQm6XaTMBEnSzdQTfg",0.00894042246998064
"vZu6Sfz0-2Zvw0PRXaQ6RQ",0.00891989879023483
"vbCeXoEanx1D6pvfEuq8uw",0.0089051359515032
"xjhTIReOwG4PtdR4hQexcg",0.00886492236840757
"EcfIpMbI8316uY0wASFsGQ",0.0087719046570732
"Ya32d6teotnIPrpFfiPxQA",0.00875568182420745
"TerqRmnDLmqwNFyHVLbmkg",0.0087494416854166
"z-R68LIoRg9HH73TswMkHA",0.00873241352897139
"DT9zcZYt9nWLIUWeRFUdwg",0.00872248274266528
"o6gRYTRJwZQXQIYfGNJQAw",0.00871092166197851
"fBX9zO0TYlI05G8Mw5xSBw",0.00867766484437721
"eyG2mIQ0AxhJilhMWQhs1Q",0.00865238236809697
"B5r7ThTRABAQjEwJtfMPcQ",0.00864731605639966
"upmamEhHTfEdop4iAjnwuw",0.00863012642081558
"iu-w6bWM9DOIeDvUhrIGCA",0.00863012642081558
"5WeccFfcgqpuHJiWegAclw",0.00856748996610006
"2xf0BwWMLhAZojYNAHR6Gw",0.00854186347044426
"tNe-WsHegIjEVWKaOpc_mw",0.00853340203981253
"waJ2o0riNU8HboKrwV6vEQ",0.0084917688211539
"II8GXVQpwTLrp09zc8zNYA",0.00848283684548606
"TfNCWOnzCF47jM7RyPGNhA",0.00846976307029485
"41PpH8THYsCDvhE57RTDEA",0.00846374849939274
"lfIsaE0oMCX1f8xWtwz9CA",0.00843138086889101
"tdDGjwdmJs_YGyCnHndWAg",0.00841816613358382
"dE-eTfSZO1FzFtv8N1RILA",0.00839651987589495
"hOf5nmeNTOkQ_Oe2gQoEkA",0.00827677532671744
"lH0Ts3sQalBNpMrQ9oNZvA",0.00818871903158165
"-5As9GrKDboz5N5eA2HRuA",0.00814140755333781
"RaZbpH72mw7uGzpOypAYig",0.00813290833574809
"OuncQMjAGQTcDukUG7i6nA",0.00812131236299077
"4GcHDf9uxK54OOxNIRYoNQ",0.00812078470719378
"tw3wtf5ou5TcuIvidn3cOQ",0.00806140664426894
"tFwZL_7idddle8Rl1CAPQA",0.00802235442200095
"MC5Ds6rbbrLE_FdIyIlhwA",0.0080202651596073
"E_Fa3vrMxivj92_WIyVy6g",0.00800895504829498
"PtT1BVFZZAxM44fPR4mblw",0.00797597033514183
"iDvGxQiJegcYlf0vJxZV-w",0.0079503085278855
"diPvh48CJsNW0hsf9981ZA",0.00794881527261993
"3uhvCZnMzRcV7Cg-BDLkfA",0.00794745105094546
"X-tswlarhZb7D7lgls5ZZw",0.00793756671546744
"iqJe7wy6h0qDguypbFwHvg",0.00789341637424071
"Gz9jnM72ouoKcfGtwzrR6g",0.00787321179490764
"X7VdashktoAExx5ksEBLXQ",0.00783380418571318
"8unAqwsmtYQrwCqL1IYx-Q",0.00783380418571318
"l7FlECFrqFssTw4lV4b2fg",0.00782361890783579
"TbFwkVkKuhl0TBXN85w2ZA",0.00781822370317212
"-paHasECQjUERg_zEjk5qg",0.00771608710515943
"BwzY3d4tlt9--GfLoplU7w",0.00769416100749886
"zoVpioBJKzyCvx9Wp1zItg",0.00768057505388169
"xJBX254ljrqlliVpFv3I8g",0.00767338164685699
"MtOT9iO0oRqiXCFszGC4zQ",0.00764289249526395
"QfkktmltWkPW4yZ87198LQ",0.00764212582751344
"wtUaFgHGHnopdYh5m-a25Q",0.00762933151687979
"lnAVU4ppvd3p1NCQ6osCFw",0.00761175184660057
"qjD1sRCQIQoVP6nFIuomNA",0.00760778025994618
"ZNeCNP1DZ6hRIpT0q-p6Kg",0.00757163959880559
"wR_Q3jad0QuBwrzUG34m_Q",0.00745593842416647
"RUv_t0JTrytwsRwC7eHs8A",0.00745522451776724
"Nk7rD25Nd_mbjI4xLHWBkA",0.00743131285557845
"Z6GFHuQXqLmlabISj9uI3Q",0.00737668465168571
"zzgXEteMduykqN8JAUG4CA",0.00735889382347506
"KpJeQaB0ca6k1-Wdduokqw",0.00734762656219424
"FujnmNjFpU5WQC1Nqd7ahg",0.00731170402050325
"EDIsSdoCnLbuQRQV2vMZ9Q",0.00731046350104468
"CizLmKlwhVxYjI5WumrjwQ",0.0072701234563375
"rlRU1FtfYxMIXYHEjCUbjQ",0.0072430400072941
"QaGESmalGyls9_OTlDV0Bg",0.00722621422311157
"8uKkh5g1SFKXKW0c5u4rzw",0.00719296167569223
"qiy7fxY-Vg04RY4WHXGQ0g",0.00715401596374368
"c0FVgLLUOh_Wnv9XfQQnlA",0.0071446676388898
"vgld4MlhcizQkgLfjOgpfA",0.00714453913987029
"Xxg7Bs4yDDV3eEpVwlG1PA",0.00709690318611297
"0KkMoh1zaAloeomx1cBXTw",0.00706338114342508
"N8kcP57ft4V3Cj86j2iutA",0.0070440128294898
"RhjCS-1sX3TaxxL8VP3lWA",0.00704300645664502
"i-cEO98lTS10WH30FyKvGA",0.00702594313022144
"_Lib9F27TqM4mD-_r6J9YQ",0.00699300699300699
"PdTOGCRK-ZXBYIhlHQXDhg",0.00696868018117577
"OgcWSVBjHLen5xORk776Lg",0.00695991680777019
"h2fqHWVr6jmjqpwr3gELzg",0.00695970695970696
"CkImMpjQrEOjyohxzPbqtw",0.00695677073555017
"m5d5I_aQJJjH-dfMBHA_nw",0.00694357042267869
"w1BaqkvQ8R-0aEcwvnnG1g",0.00691967029711249
"KT9EiMOGpAgFBwVG4GakNg",0.00683816215857387
"98hOHm56D0Boz2LCg0-irg",0.00683298316221442
"muaTVTJ16qL2n5t7jT5kBA",0.00678587168749192
"arqs_2jp70hxFmdqF6140g",0.00676923707858298
"e7tSYKegyqi9fa5FXrYKbw",0.00676661114959139
"8qx3xXFwUT_18mgO_8vuCA",0.00676661114959139
"8-gfKVHSaBHHCmab4dUZWg",0.00669754023205043
"NzUNtIOb7S2H1ymfp1gesA",0.00666676164534533
"_xczdepRHcB-4RktSA3xgw",0.00656941222519143
"rIpQ6vk02i4Np15ViGjayg",0.00656847321521953
"t719u5GZY0yPX4U7t5whrg",0.00652928442033622
"cprZbtylUX1f07OkEqlNDQ",0.00650804716561812
"XfrBhVm0iv6MGuirXjOL9Q",0.00648604596283627
"Ggrdbf2ionLPquxnuscDsw",0.0064852830418157
"CE6TWiZ1hraCilyXIfxu4w",0.00643448220912874
"JgGpBGMAb1Nc2Z5jVIwZMA",0.00639328607072858
"vpAvqlV2uWbwVd3TSPwQQQ",0.00630222080056296
"9muzkVmjvBftSV5CLhYaJg",0.0062856458666433
"yjL8-WmQMpweDNGArchAOw",0.00621395223266198
"_O9e1y02fxsywUvj7hFiGQ",0.00613517129258565
"DEm8HwHCiXk-FlJSXRTvLA",0.00612345451473403
"AVQpj1ufPWYBVzEC-fYwYg",0.0061093429127018
"DKhCFh-eJV-kDjRVj0491g",0.00610779324921129
"3LUpNAPfrbG3jOQgFGfquQ",0.00608374653896715
"ap1F9dQZn8KRZFjWRetLew",0.00601608774194614
"-LSe47iB69VM1NaipPeRMg",0.005993659045152
"mDaQaDpZStofYeoXHrR74g",0.00599148940442183
"qRh1toPTSiviGbg_601nHA",0.00595341096652316
"nE0y2QYBRs8gIEFUxD2jfw",0.00594327920693118
"_VpP18kVhdR9petT8w-cuA",0.00593628239701154
"va9aHf7SEIfKLnvOmeavIw",0.00592772406882279
"Ec6g1-_FVSrkrkdPz9sMGw",0.00588597507968705
"ML9rg--hiOf0nlzyVBL9Rg",0.00577851697851698
"DNr2McGXQLleQkJ0zaCBHQ",0.00570332187084913
"dYW2bONI4ctcpc7d-Wk9Vw",0.00570332187084913
"n_t3HHkoR3TXomoBOcVZaQ",0.00570332187084913
"RchLlXNv3HI0XCqUM8ejxA",0.00570332187084913
"GpZGSt4wh8Bx4b5bJUbW7w",0.00570332187084913
"brvNWkz-N8UxO2AjpukDOw",0.00570332187084913
"C-meIkdths2snHHROX0dDA",0.00570332187084913
"LH1cMyzVY6a2GpNAUCvh7g",0.00568082257953798
"pyrFpk2d4TT9PYG72Mrj2A",0.00563537675606641
"f_wqInKORIYGIJDP-AS8Ng",0.00546529825903789
"iaoYOEsMOSarGFk8tUV1UQ",0.00540123456790123
"8ObIrduWIFbCM_zM7I75Wg",0.00538344759655979
"MMgjU4K0D9RLsb7BWEic4g",0.00536625006851619
"t3OyEIDjxX04Xl6KPAePgg",0.00532497228381375
"WY6YDghPW55gIyp2hTCv_A",0.00532299327370959
"gE0CG-jYkVIHj6fC3NzdoQ",0.00532220029980388
"Ucn0bOngvK50NiY22Qi3Ig",0.00531233615519877
"oheryE5F08pknQCtTsuMiw",0.00531233615519877
"0zhe1C7G5lZNbd_gTyPilQ",0.00531233615519877
"zFMsnK8UMJYvESBYBATY_A",0.00528013814657996
"X4lmTSTNeW1wNgVZora6HQ",0.00526996003173576
"687wG68J1XicP5YzMqKqFQ",0.00526841128193932
"xefCNN_NNtCgVS9YwbfEmA",0.00526412069401076
"3gQBaDqYaJnPN6Sn7nCQbA",0.00523298157123522
"xfmPpyYiF_QpFPPedlgY9Q",0.00518670599924872
"mX_Lpoen3117PmNP646rqQ",0.00514089867268747
"c1GbzqEZi42MTLAH6E9dug",0.00511995789708648
"ncrkmZc8VkcBjmjN-BDHBg",0.00508915985806802
"Exw4BT6b3d-cfjZqx9H1RA",0.00506105337452041
"w9t58m2lBLXfaJ-geQbPVQ",0.00498432037284841
"HkovV-prZqdvHfiCq4IaOA",0.00496668182017623
"ZFdzX-jdfVEO2yQ8sEWp9Q",0.00495096458485964
"C7EonfwiWEOVpwuGWchJSA",0.0049452861952862
"rR4Xojo3B_KvXcJ3NQEMvQ",0.00477799272997393
"_sYVQM-EIWrwgyi-xKVDVg",0.00477799272997393
"kN8gSKU7IyF5hZa4NIyRyQ",0.00477398300035003
"z2C2u2pQBV-_tWaP7oL60w",0.00476354453627181
"v6eGlG5bHeKliqMzHgcFaQ",0.00473717960890054
"RwXER9S7bB6PGhv9jhc90g",0.00473137973137973
"UvuUOiP0oIgJ2H_8J6h6Zg",0.00469837109801762
"5gwk3RnooAftbzjjIsIkXQ",0.0046829756653944
"o46H8M7GFOpphAWUO-Zx1Q",0.0046270248117585
"eNepNrx9dzehOql6fKxW3Q",0.00461612994353207
"c1D32Qr1jAkoUx38DwBh8Q",0.00460729512615694
"xP-6TN10JA_7C6-V1-JOEQ",0.00446769668080887
"9BDhzID4YFmtXc8ntYkcVA",0.00446769668080887
"sAg_sLbFfdtNzvHaMm1KOA",0.00446769668080887
"9g0uiT69i5kcK_6hTPI1zw",0.00446769668080887
"J5eWp8-VHKt5BLeFipSUdw",0.00446769668080887
"SgjcjIxsAlVkcrtLaLxtTg",0.0044425020667556
"nUiGPvsAAAVe90hlQYpVhQ",0.00438255473926832
"LCpLxWdBFaI2cg0O5ZJrwQ",0.00438255473926832
"jHAfKpTlY1LdpM_QgJO2yQ",0.00431659837118125
"l9QnSzTOG8aKjksyNOTPWQ",0.00423982925013563
"p9XXzxcT42iyI_eB-mUD_g",0.00416758688789574
"N4CL1dZca6hV7kZ9-KDAww",0.00416242974000671
"BcUpHTeh4kb7UdXvdFuZvA",0.00416242974000671
"cyWt2nsNxATem959gWjCLQ",0.00416242974000671
"RLb2QD5xjXeh47nwTWCp4A",0.00416242974000671
"o3zG1_BPxpcNAsbqDgCjjQ",0.00416242974000671
"h2VtyNdh32eyEN44T5kqPw",0.00413848857580371
"0nb7Vy-fN2c8qaqjYZGGvA",0.00412498789934446
"ee2JJWsou6UbakYRHEqxfg",0.00409021799753521
"e2K0YQel5Fth0_vur2dN8w",0.00403833304679749
"GqLWrIz7OYzRcPXi1fJRoA",0.00403833304679749
"9weIbPadBiG4l5zCJAVpGQ",0.00403694607658181
"2XTcAcbJ7O0LKjUBto726A",0.00402994531145792
"3uty2cB6NzZn6CM-8udUew",0.00402994531145792
"rjhfcj3YO2bIpI_FBbq7Nw",0.00399437488018434
"lqjL3Kn6FZnGp8vTm2rdyQ",0.0039871019037061
"HoXI4rnBrNP-7jngsmnnQA",0.0039871019037061
"HPJXAmhjM4EfE5vJ_uIr6A",0.00398381159981988
"2HRwlEmWi-WcLh9uVQ1fsg",0.00397900973683706
"oIbGChLV60ay73Vqvd5BiA",0.00387436201233208
"nrOZZ51QaP5QElzo8dy_9w",0.00387436201233208
"EysktQ4NT0hhsvRJC7DhKQ",0.00387436201233208
"E0rdhUQQ2VjBcNb8AeRbdg",0.00383835139200958
"jzC5Y6kA58bKC2LGRHpRgw",0.00383499740826414
"DjnNu1sWHEJpNBnW7CSdzA",0.00380385887425527
"M3kcXy-2-5HPOtru3sR56w",0.00380385887425527
"2rT4LrsGGd9mjerwEWKfYw",0.00380385887425527
"aEKOooAlNN2pntcxjLS61Q",0.00376645673627395
"FClskDDrmdSBEHjSCPPrXQ",0.00375825411997075
"udJwxvRThU10_0qxkrvIDQ",0.00369821198864517
"kCw3HUGCutOiDaBmFWYDbg",0.00367275027258778
"gWdqftLZpMCT-Mqo5Q5tcg",0.00364993875849907
"SKTz4abK3W7qEucBVSZ5nQ",0.00364060182242
"H-pLahyneioCeCFHk2lD7g",0.00364060182242
"_pvscBsYKIj6xlNoj_sdfg",0.00364060182242
"crKd3Kf3YYP8znwoMvcA-g",0.00363071413215947
"oZ73668vhCI511YiTQjiLA",0.00356462754003738
"V_t_aaxMbqR2IWCdqi-l_w",0.00348471223021583
"xLWe6cylMsYl_TtmC9wlXA",0.00329975685515442
"crizYT9R8Rt69NMtHUUWGA",0.00329629819407438
"O4KJNY-tD5EtXD3dCgG05A",0.00329629819407438
"X-uPUUV7xPiKivsQzJD-wg",0.00324562340294062
"AvVRPaKoiYl1lrP8Voi0Fw",0.00324562340294062
"xH9zGlw85wE3q5YJ5D230Q",0.00324562340294062
"C8sXf0WjOyYE8snFGYvung",0.00324562340294062
"LgFBKWi4CRL-dfVnK5AASg",0.00324562340294062
"8IlzP5Ci995WwSoZ2JVbGg",0.00324562340294062
"FtoLjnmpWKzQ7BEbg7Msvw",0.00320841436639418
"0Ayzd0haow5Ek3CdfZg5bA",0.00317325850833044
"4glD2-evDFddHjQaEVpCPQ",0.00316165069325182
"6zEje3dvGN9lZg7oOhQxfw",0.00314008357913731
"gjwdlvuUhYVs4H3A-yAbzw",0.00305857013931548
"qhef8-iR4I3litatocWBpA",0.00305270968368283
"jo2b2ETniWU9SIu_1OuaHA",0.00301916087181615
"57kidgI9hRxM-e7VemwEHw",0.00298677248677249
"RXRCqBXn_DBO7I_Fmfgfpg",0.00298677248677249
"a_INgnfDhfsLaMG5O5QR8A",0.00292473806042885
"OB0tvoRGfcHyW6q43vUXcA",0.00291226486661464
"ixHHyCGAwFGMzXOYwPsM-w",0.00290176011925238
"KxNH6oVPqbAAfAoup32GPQ",0.0028753365265163
"jpU2t_AVnzDVcXskqVqI5g",0.0028753365265163
"9Kb9ZRxBgS2c0ahuN1tbNA",0.00286351339021473
"lmjvqiuFQnT9Du5JwmUkRQ",0.00283546117379903
"WrdrMp5lQjNblTU2ISqC0w",0.00263492063492063
"Ac-Y4OG9TKCzh2LxIoQaug",0.0026130012094471
"o1Et5KdIxv1v2qtM2Av0hA",0.00253411306042885
"UTQmQNK82mBnRYmPLdK6MQ",0.00249622754831157
"R2Ej1vlJyZ__BOLF1uMqpw",0.00246762925421462
"jr8D3lu1S0-eRpIVxkKnMA",0.00241799049214164
"QNQzgMpEY1N33kvf1nHFKQ",0.00224791858563788
"INvQb5FodB6cBiPRMn7t4Q",0.00224791858563788
"_qKW658l-9B7Zi8RaBccIQ",0.00224791858563788
"eCTNypNu7MUby4NwRP9XQQ",0.00224791858563788
"hxWIMJcbRIs042qbLL0RLA",0.00219354838709677
"_JPzBYy24mIK-Iq6xv460A",0.00198412698412698
"2Nf2NqvfkrpCecdoB6-e2g",0.00194360640519842
"2mmxmtwEli9CycpLcVpZgw",0.00185185185185185
"h-5TtlOf0Jm3Xnv1_ySq_A",0.00185185185185185
"Qb5PYdw1mnFIoe8j7QKIfA",0.00184578230119027
"rQ87T7pvTJ4H7K-vYYTQfA",0.00184578230119027
"Rmoa8mDitKD4nDrpN50sig",0.00181197478991597
"bAJfE2EWGJ3lVyEt5xshDQ",0.00175261655331733
"1HmLi5NNs0_FDYYxBgRxzw",0.00175261655331733
"djpR_kdjmE74e4U4i-4b4w",0.00175195989142469
"xFw25DRFCY9W7Koc07xWpw",0.00172462261003996
"hS1ShVIy8qLrRv9VXFFcww",0.00168402777777778
"DPtF2QWAMllTudwSeWBbhA",0.00168402777777778
"9dcGErA0_ImWRJ0l6uMOJw",0.00161943319838057
"6lhDyoMm2C2p5PgYfVhWGw",0.00158730158730159
"K8At1Ewtyaru9dy02YYILg",0.00146026181975549
"b3m7PUh16AWtPGrqTfYFlA",0.00142334290618604
"rHl7fCXz78i89rEaflTPvw",0.00135246697746698
"64ye6OoF_PsyCSQGspE_3g",0.00133333333333333
"GAnFEbpi2tcIxrhxPR4mKQ",0.00133333333333333
"QPRCns3TDah097cQbE6wlg",0.0013263779658619
"kkjdenjeKshv02uma0u2fg",0.00126961170142988
"OkPX0a9PUrhr6oNgE_FB_w",0.00102145045965271
"9tiXnDPBkRv23MAZ6Ovbvw",0.00101419878296146
"8--DLKJ-NY-bW8fSIDXa0Q",0.000990576140501178
"HsGry4czz08jD7EJ5e4Jog",0.000840336134453781
"W9-6X8ApMctzbEEv0L77qA",0.000840336134453781
"mahnOAHotFXnooJDFM8heg",0.000771604938271605
"FduYEQY_jeBgfIT2wAVSiw",0.000698267812872275
"tSg2obMM9BsSwPY1EFaHig",0.000649350649350649
"3ShZ3IidYKRZVp09up-mMQ",0.000611553260343319
"TGlRP5AgRdv_U1iFvKhQRA",0.000611553260343319
"VU9WjRX0DfqodzAt27Z4gg",0.000408496732026144
"EssfLSLRxUou5uoj0LX_Kw",0.000367647058823529
"mh1le9QGMrZLohAjfheJJg",0.000284090909090909
"ZWi7jD_5p4JtAZvYsTIPXQ",0.000284090909090909
"Lom8K4ZK5LIlRe2ZO90s9w",0
"iAiVVH_JjKlJGLw2vBKDQA",0
"Pnq1SsAMz9RzLOyE365DJg",0
"C3QfGqD3qjWUbwBOkEjqSQ",0
"NKyOOV0iOQt1l892IzJfpg",0
"j5unzmdCDtkJyFrGPEF1qQ",0
